sample_idx,repeat_idx,phase,sweep,pred,score0,score1,score2,score3,score4,score5,score6,score7,score8,score9
1,1,free,1,8,0.5,-0.5,0.5,-0.5,-0.5,-1.0,0.0,0.0,1.0,-0.5
1,1,free,2,3,-0.5,-0.5,0.0,0.5,-0.5,-0.5,0.0,0.5,0.0,-0.5
1,1,free,3,9,0.0,-0.5,0.0,0.0,0.0,0.0,-0.5,-0.5,0.0,0.5
1,1,free,4,3,0.5,-0.5,-0.5,1.0,0.0,0.0,0.5,0.5,0.0,0.0
1,1,free,5,1,0.0,1.0,-0.5,0.5,1.0,0.5,-0.5,0.0,-0.5,-0.5
1,1,free,6,3,0.0,0.0,0.0,0.5,0.0,0.5,-0.5,0.5,0.5,0.0
1,1,free,7,0,0.5,0.5,-0.5,0.5,0.0,0.5,0.5,-0.5,0.0,0.0
1,1,free,8,2,0.0,0.0,0.5,0.0,0.0,-0.5,-0.5,-0.5,0.5,0.0
1,1,free,9,5,0.0,0.0,-0.5,-1.0,0.0,0.5,0.0,0.5,-0.5,0.0
1,1,free,10,0,1.0,0.5,0.0,0.0,-0.5,-1.0,1.0,-1.0,-0.5,0.5
1,1,free,11,3,-0.5,-1.0,0.5,1.0,0.5,0.0,0.5,0.5,0.0,0.5
1,1,free,12,7,-0.5,-0.5,-1.0,-0.5,-0.5,-0.5,0.0,0.5,-0.5,0.0
1,1,free,13,0,0.5,-0.5,0.0,0.0,0.0,0.0,0.0,0.5,0.5,-1.0
1,1,free,14,6,0.5,-0.5,-0.5,0.5,-0.5,-0.5,1.0,-1.0,0.5,0.0
1,1,free,15,0,1.0,0.0,-0.5,0.0,0.5,0.0,0.0,-0.5,0.5,0.0
1,1,free,16,1,0.0,0.5,0.0,0.0,0.0,-0.5,-0.5,-0.5,0.0,0.5
1,1,free,17,5,-1.0,0.5,0.5,0.0,-1.0,1.0,0.5,0.5,0.0,-0.5
1,1,free,18,3,-0.5,-0.5,0.0,1.0,-0.5,0.5,0.0,0.0,0.0,-0.5
1,1,free,19,3,0.0,-1.0,-0.5,0.5,0.0,0.5,0.0,0.5,-1.0,-0.5
1,1,free,20,9,0.0,-1.0,-1.0,-1.0,0.5,0.5,-0.5,0.0,-1.0,1.0
1,1,free,21,5,-1.0,-1.0,-1.0,0.0,-0.5,1.0,-1.0,0.0,-1.0,-0.5
1,1,free,22,9,0.5,-1.0,-0.5,-1.0,-0.5,0.5,-1.0,-0.5,-1.0,1.0
1,1,free,23,5,0.0,-1.0,-1.0,-0.5,-1.0,0.5,-1.0,-1.0,0.0,0.5
1,1,free,24,8,0.0,-1.0,-1.0,-0.5,-0.5,0.0,-0.5,-1.0,0.5,-0.5
1,1,free,25,5,-1.0,-1.0,-1.0,-1.0,0.0,0.5,-1.0,-0.5,0.0,-1.0
1,1,free,26,5,-0.5,-1.0,-1.0,-1.0,-1.0,0.5,-1.0,-1.0,-0.5,-1.0
1,1,free,27,5,-1.0,-1.0,-1.0,-1.0,-1.0,1.0,-1.0,-1.0,-1.0,-1.0
1,1,free,28,5,-1.0,-1.0,-1.0,-1.0,-1.0,1.0,-1.0,-1.0,-1.0,-1.0
1,1,free,29,5,-0.5,-1.0,-1.0,-0.5,-1.0,0.5,-1.0,-1.0,-0.5,-1.0
1,1,free,30,5,-1.0,-1.0,-1.0,-1.0,-1.0,0.5,-1.0,-1.0,-0.5,-1.0
1,1,free,31,5,-1.0,-1.0,-1.0,-1.0,-1.0,0.5,-1.0,-1.0,-1.0,-1.0
1,1,free,32,5,-1.0,-1.0,-1.0,-1.0,-1.0,1.0,-1.0,-1.0,-1.0,-1.0
1,1,free,33,5,-1.0,-1.0,-1.0,-1.0,-1.0,1.0,-1.0,-1.0,-1.0,-1.0
1,1,free,34,5,-1.0,-1.0,-1.0,-1.0,-1.0,1.0,-1.0,-1.0,-1.0,-1.0
1,1,free,35,5,-1.0,-1.0,-1.0,-1.0,-1.0,1.0,-1.0,-1.0,-0.5,-1.0
1,1,free,36,5,-1.0,-1.0,-1.0,-1.0,-1.0,1.0,-1.0,-1.0,-1.0,-1.0
1,1,free,37,5,-1.0,-1.0,-1.0,-1.0,-1.0,1.0,-1.0,-1.0,-1.0,-1.0
1,1,free,38,5,-1.0,-1.0,-1.0,-1.0,-1.0,1.0,-1.0,-1.0,-1.0,-1.0
1,1,free,39,5,-1.0,-1.0,-1.0,-1.0,-1.0,1.0,-1.0,-1.0,-1.0,-1.0
1,1,free,40,5,-1.0,-1.0,-1.0,-1.0,-1.0,1.0,-1.0,-1.0,-0.5,-1.0
1,1,nudged,1,5,-0.5,-1.0,-1.0,-1.0,-1.0,1.0,-1.0,-1.0,-1.0,-1.0
1,1,nudged,2,5,-0.5,-1.0,-1.0,-1.0,-1.0,0.0,-1.0,-1.0,-1.0,-1.0
1,1,nudged,3,5,-0.5,-1.0,-1.0,-1.0,-1.0,0.0,-1.0,-1.0,-1.0,-1.0
1,1,nudged,4,0,0.0,-1.0,-1.0,-1.0,-1.0,0.0,-1.0,-1.0,-1.0,-1.0
1,1,nudged,5,0,0.0,-1.0,-1.0,-1.0,-1.0,0.0,-1.0,-1.0,-1.0,-1.0
1,1,nudged,6,0,1.0,-1.0,-1.0,-1.0,-1.0,-0.5,-1.0,-1.0,-1.0,-1.0
1,1,nudged,7,0,1.0,-1.0,-1.0,-1.0,-1.0,-1.0,-1.0,-1.0,-1.0,-1.0
1,1,nudged,8,0,1.0,-1.0,-1.0,-1.0,-1.0,-1.0,-1.0,-1.0,-1.0,-1.0
1,1,nudged,9,0,1.0,-1.0,-1.0,-1.0,-1.0,-1.0,-1.0,-1.0,-1.0,-1.0
1,1,nudged,10,0,1.0,-1.0,-1.0,-1.0,-1.0,-1.0,-1.0,-1.0,-1.0,-1.0
1,1,nudged,11,0,1.0,-1.0,-1.0,-1.0,-1.0,-1.0,-1.0,-1.0,-1.0,-1.0
1,1,nudged,12,0,1.0,-1.0,-1.0,-1.0,-1.0,-1.0,-1.0,-1.0,-1.0,-1.0
1,1,nudged,13,0,1.0,-1.0,-1.0,-1.0,-1.0,-1.0,-1.0,-1.0,-1.0,-1.0
1,1,nudged,14,0,1.0,-1.0,-1.0,-1.0,-1.0,-1.0,-1.0,-1.0,-1.0,-1.0
1,1,nudged,15,0,1.0,-1.0,-1.0,-1.0,-1.0,-1.0,-1.0,-1.0,-1.0,-1.0
1,1,nudged,16,0,0.5,-1.0,-1.0,-1.0,-1.0,-1.0,-1.0,-1.0,-1.0,-1.0
1,1,nudged,17,0,0.5,-1.0,-1.0,-1.0,-1.0,-1.0,-1.0,-1.0,-1.0,-1.0
1,1,nudged,18,0,1.0,-1.0,-1.0,-1.0,-1.0,-1.0,-1.0,-1.0,-1.0,-1.0
1,1,nudged,19,0,1.0,-1.0,-1.0,-1.0,-1.0,-1.0,-1.0,-1.0,-1.0,-1.0
1,1,nudged,20,0,1.0,-1.0,-1.0,-1.0,-1.0,-1.0,-1.0,-1.0,-1.0,-1.0
1,1,nudged,21,0,0.5,-1.0,-1.0,-1.0,-1.0,-0.5,-1.0,-1.0,-1.0,-1.0
1,1,nudged,22,0,1.0,-1.0,-1.0,-0.5,-1.0,-1.0,-1.0,-1.0,-1.0,-1.0
1,1,nudged,23,0,0.0,-1.0,-1.0,-1.0,-1.0,-0.5,-1.0,-1.0,-1.0,-1.0
1,1,nudged,24,5,0.0,-1.0,-1.0,-1.0,-1.0,0.5,-1.0,-0.5,-1.0,-1.0
1,1,nudged,25,5,-1.0,-1.0,-1.0,-1.0,-1.0,0.0,-1.0,-1.0,-1.0,-1.0
1,1,nudged,26,0,0.0,-1.0,-1.0,0.0,-1.0,-1.0,-1.0,-0.5,-0.5,-1.0
1,1,nudged,27,2,-1.0,-1.0,-0.5,-1.0,-1.0,-0.5,-1.0,-0.5,-1.0,-1.0
1,1,nudged,28,0,0.5,-1.0,0.0,-0.5,-0.5,-0.5,-1.0,-1.0,-1.0,-0.5
1,1,nudged,29,0,0.5,-1.0,-0.5,0.0,-0.5,-0.5,-0.5,-0.5,-1.0,0.0
1,1,nudged,30,3,-0.5,-0.5,-0.5,0.0,-0.5,0.0,-1.0,0.0,-0.5,-0.5
1,1,nudged,31,0,1.0,-1.0,0.5,-1.0,-1.0,-0.5,-0.5,0.5,-0.5,0.5
1,1,nudged,32,0,0.5,-1.0,0.0,-0.5,-1.0,-0.5,-0.5,0.0,0.5,-1.0
1,1,nudged,33,9,0.0,-1.0,-1.0,0.0,-0.5,0.0,-1.0,-0.5,0.0,0.5
1,1,nudged,34,0,0.0,-0.5,-1.0,-1.0,-0.5,-1.0,-0.5,-1.0,-1.0,-1.0
1,1,nudged,35,0,0.5,-1.0,-1.0,0.5,0.5,-0.5,0.0,0.0,0.0,-1.0
1,1,nudged,36,1,-0.5,0.0,0.0,0.0,-0.5,-0.5,-0.5,-0.5,0.0,-0.5
1,1,nudged,37,0,0.5,0.5,0.0,0.5,-0.5,0.0,0.5,-0.5,-0.5,-0.5
1,1,nudged,38,5,-0.5,-1.0,0.0,0.0,-0.5,0.5,0.0,-0.5,0.0,-0.5
1,1,nudged,39,0,0.5,0.0,-0.5,0.0,-1.0,-0.5,-0.5,-0.5,-0.5,0.0
1,1,nudged,40,0,0.5,0.0,-1.0,-1.0,-0.5,0.0,0.0,-0.5,0.5,0.0
1,2,free,1,4,0.5,0.5,0.0,0.5,1.0,-0.5,0.5,-1.0,0.5,0.0
1,2,free,2,3,-0.5,0.0,0.0,1.0,0.5,0.5,0.0,-0.5,-1.0,0.5
1,2,free,3,0,0.5,0.0,0.0,0.0,0.0,0.0,0.0,0.0,-0.5,0.0
1,2,free,4,2,-0.5,0.0,0.5,0.0,0.0,0.0,0.0,-0.5,0.5,0.5
1,2,free,5,7,0.0,0.0,0.0,0.5,0.5,0.0,0.5,1.0,-0.5,0.0
1,2,free,6,1,-0.5,0.0,0.0,-1.0,-0.5,0.0,0.0,0.0,-0.5,-0.5
1,2,free,7,0,0.5,0.0,0.0,0.0,-0.5,0.0,-1.0,-1.0,0.0,0.0
1,2,free,8,1,0.0,0.5,0.0,0.0,-0.5,-0.5,0.0,0.0,0.0,-0.5
1,2,free,9,7,-0.5,-0.5,0.0,0.0,0.0,-0.5,0.5,1.0,0.0,0.0
1,2,free,10,1,-0.5,0.5,-1.0,-0.5,0.0,0.5,-0.5,-0.5,0.0,0.5
1,2,free,11,3,0.5,0.5,-0.5,1.0,0.0,0.0,0.0,-0.5,0.0,-0.5
1,2,free,12,2,0.5,0.5,1.0,0.5,0.0,-1.0,-0.5,0.0,0.0,-1.0
1,2,free,13,6,0.5,0.0,0.0,0.0,0.5,-0.5,1.0,-0.5,0.0,0.5
1,2,free,14,6,0.5,0.0,-0.5,0.5,-0.5,0.5,1.0,0.5,0.5,-0.5
1,2,free,15,8,0.0,-0.5,-0.5,-0.5,-1.0,-0.5,-0.5,0.0,0.5,-0.5
1,2,free,16,3,0.0,0.0,0.0,0.5,-0.5,0.5,0.5,0.0,-0.5,-0.5
1,2,free,17,0,1.0,0.0,-0.5,0.0,-0.5,-1.0,0.0,-1.0,0.0,-1.0
1,2,free,18,3,0.0,0.0,0.0,0.5,0.0,-1.0,0.5,0.0,0.0,0.5
1,2,free,19,4,-1.0,-1.0,0.0,-0.5,0.5,-0.5,0.5,-0.5,0.5,0.5
1,2,free,20,0,0.5,-0.5,-0.5,-1.0,-0.5,-1.0,-0.5,-0.5,-1.0,-0.5
1,2,free,21,9,-1.0,-0.5,-1.0,-1.0,-0.5,-0.5,-0.5,-1.0,-1.0,0.0
1,2,free,22,5,-0.5,0.0,-1.0,0.0,-1.0,0.5,-1.0,-1.0,-0.5,-0.5
1,2,free,23,5,-0.5,-1.0,-1.0,-0.5,-1.0,0.0,-1.0,-1.0,-0.5,-1.0
1,2,free,24,8,-0.5,-1.0,-1.0,-1.0,-0.5,0.0,-0.5,-1.0,0.5,-1.0
1,2,free,25,5,-1.0,-1.0,-1.0,-1.0,-1.0,0.5,-1.0,-1.0,0.0,-1.0
1,2,free,26,0,0.0,-1.0,-1.0,0.0,-1.0,0.0,-1.0,-1.0,-0.5,-1.0
1,2,free,27,5,0.0,-1.0,-1.0,0.0,-1.0,1.0,-1.0,-1.0,-1.0,-1.0
1,2,free,28,5,-1.0,-1.0,-1.0,0.0,-1.0,1.0,-1.0,-1.0,-1.0,-1.0
1,2,free,29,5,-1.0,-1.0,-1.0,0.5,-1.0,1.0,-1.0,-1.0,-1.0,-1.0
1,2,free,30,5,-0.5,-1.0,-1.0,-1.0,-1.0,1.0,-1.0,-1.0,-1.0,-1.0
1,2,free,31,5,-0.5,-1.0,-1.0,-1.0,-1.0,1.0,-1.0,-1.0,-0.5,-1.0
1,2,free,32,5,-0.5,-1.0,-1.0,-1.0,-1.0,1.0,-1.0,-1.0,0.0,-1.0
1,2,free,33,5,-1.0,-1.0,-1.0,-1.0,-1.0,1.0,-1.0,-1.0,-0.5,-1.0
1,2,free,34,5,-1.0,-1.0,-1.0,-1.0,-1.0,1.0,-1.0,-1.0,-1.0,-1.0
1,2,free,35,5,-1.0,-1.0,-1.0,-1.0,-1.0,1.0,-1.0,-1.0,-1.0,-1.0
1,2,free,36,5,-0.5,-1.0,-1.0,-1.0,-1.0,1.0,-1.0,-1.0,-1.0,-1.0
1,2,free,37,5,-0.5,-1.0,-1.0,-1.0,-1.0,1.0,-1.0,-1.0,-1.0,-1.0
1,2,free,38,5,-1.0,-1.0,-1.0,-1.0,-1.0,1.0,-1.0,-1.0,-1.0,-1.0
1,2,free,39,5,-1.0,-1.0,-1.0,-1.0,-1.0,1.0,-1.0,-1.0,-1.0,-1.0
1,2,free,40,5,-1.0,-1.0,-1.0,-1.0,-1.0,1.0,-1.0,-1.0,-1.0,-1.0
1,2,nudged,1,5,-0.5,-1.0,-1.0,-1.0,-1.0,1.0,-1.0,-1.0,-1.0,-1.0
1,2,nudged,2,5,0.0,-1.0,-1.0,-1.0,-1.0,1.0,-1.0,-1.0,-1.0,-1.0
1,2,nudged,3,0,0.0,-1.0,-1.0,-1.0,-1.0,0.0,-1.0,-1.0,-1.0,-1.0
1,2,nudged,4,0,1.0,-1.0,-1.0,-1.0,-1.0,-0.5,-1.0,-1.0,-1.0,-1.0
1,2,nudged,5,0,1.0,-1.0,-1.0,-1.0,-1.0,-1.0,-1.0,-1.0,-1.0,-1.0
1,2,nudged,6,0,1.0,-1.0,-1.0,-1.0,-1.0,-1.0,-1.0,-1.0,-1.0,-1.0
1,2,nudged,7,0,1.0,-1.0,-1.0,-1.0,-1.0,-1.0,-1.0,-1.0,-1.0,-1.0
1,2,nudged,8,0,1.0,-1.0,-1.0,-1.0,-1.0,-1.0,-1.0,-1.0,-1.0,-1.0
1,2,nudged,9,0,1.0,-1.0,-1.0,-1.0,-1.0,-1.0,-1.0,-1.0,-1.0,-1.0
1,2,nudged,10,0,1.0,-1.0,-1.0,-1.0,-1.0,-1.0,-1.0,-1.0,-1.0,-1.0
1,2,nudged,11,0,1.0,-1.0,-1.0,-1.0,-1.0,-1.0,-1.0,-1.0,-1.0,-1.0
1,2,nudged,12,0,1.0,-1.0,-1.0,-1.0,-1.0,-1.0,-1.0,-1.0,-1.0,-1.0
1,2,nudged,13,0,1.0,-1.0,-1.0,-1.0,-1.0,-1.0,-1.0,-1.0,-1.0,-1.0
1,2,nudged,14,0,1.0,-1.0,-1.0,-1.0,-1.0,-1.0,-1.0,-1.0,-1.0,-1.0
1,2,nudged,15,0,1.0,-1.0,-1.0,-1.0,-1.0,-1.0,-1.0,-1.0,-1.0,-1.0
1,2,nudged,16,0,1.0,-1.0,-1.0,-1.0,-1.0,-1.0,-1.0,-1.0,-1.0,-1.0
1,2,nudged,17,0,1.0,-1.0,-1.0,-1.0,-1.0,-1.0,-1.0,-1.0,-1.0,-1.0
1,2,nudged,18,0,1.0,-1.0,-1.0,-1.0,-1.0,-1.0,-1.0,-1.0,-1.0,-1.0
1,2,nudged,19,0,1.0,-1.0,-1.0,-1.0,-1.0,-0.5,-1.0,-1.0,-1.0,-1.0
1,2,nudged,20,0,1.0,-1.0,-1.0,-1.0,-1.0,0.0,-1.0,-1.0,-1.0,-1.0
1,2,nudged,21,0,1.0,-1.0,-1.0,-1.0,-1.0,-1.0,-1.0,-1.0,-1.0,-1.0
1,2,nudged,22,0,1.0,-1.0,-1.0,-1.0,-1.0,-0.5,-1.0,-1.0,-1.0,-1.0
1,2,nudged,23,0,0.5,-1.0,-1.0,-1.0,-1.0,-0.5,-1.0,-1.0,-1.0,-1.0
1,2,nudged,24,0,1.0,-1.0,-1.0,-1.0,-1.0,-0.5,-1.0,-1.0,-0.5,-1.0
1,2,nudged,25,0,-0.5,-1.0,-1.0,-1.0,-1.0,-0.5,-1.0,-0.5,-1.0,-0.5
1,2,nudged,26,0,0.5,-1.0,-1.0,-1.0,-1.0,-1.0,-1.0,-0.5,-1.0,-0.5
1,2,nudged,27,0,1.0,-0.5,-1.0,-1.0,-1.0,-0.5,-1.0,-1.0,-1.0,-0.5
1,2,nudged,28,0,1.0,-0.5,-1.0,0.0,-1.0,-1.0,-1.0,-1.0,-1.0,0.0
1,2,nudged,29,0,1.0,-1.0,-1.0,-1.0,-1.0,-1.0,0.0,-0.5,-0.5,-1.0
1,2,nudged,30,5,0.0,-1.0,0.0,-0.5,-1.0,0.5,-1.0,0.0,-0.5,-1.0
1,2,nudged,31,0,0.5,-1.0,-1.0,-0.5,-1.0,-0.5,-1.0,-0.5,-1.0,-1.0
1,2,nudged,32,0,0.0,-0.5,-0.5,-1.0,-1.0,0.0,0.0,0.0,-1.0,-1.0
1,2,nudged,33,0,0.5,-0.5,0.5,-1.0,-0.5,-0.5,-0.5,0.0,-0.5,-0.5
1,2,nudged,34,3,0.0,0.0,-0.5,1.0,0.0,0.0,-1.0,-0.5,-0.5,-0.5
1,2,nudged,35,3,0.5,-0.5,-0.5,1.0,1.0,-1.0,0.0,0.5,0.0,0.0
1,2,nudged,36,0,1.0,0.0,0.0,-0.5,-0.5,-1.0,-0.5,0.0,-1.0,0.0
1,2,nudged,37,1,0.0,0.5,0.5,-0.5,0.0,0.0,-1.0,-1.0,0.0,-0.5
1,2,nudged,38,9,0.0,0.0,-1.0,-1.0,-0.5,-0.5,-0.5,-0.5,0.0,0.5
1,2,nudged,39,4,0.0,-0.5,0.0,0.0,0.5,0.0,-0.5,0.0,-0.5,0.5
1,2,nudged,40,1,0.0,0.5,0.0,-0.5,0.5,0.0,0.0,0.5,-0.5,0.0
2,1,free,1,3,0.0,0.0,0.5,1.0,0.5,-1.0,0.5,-0.5,0.5,0.0
2,1,free,2,3,0.0,0.0,0.0,1.0,0.0,0.0,0.0,-1.0,-0.5,0.5
2,1,free,3,6,0.0,0.5,0.0,0.0,0.0,0.0,1.0,-1.0,0.0,0.0
2,1,free,4,0,0.5,0.0,-1.0,-0.5,0.0,0.0,0.5,0.5,0.5,-0.5
2,1,free,5,0,1.0,0.5,-1.0,-0.5,0.0,0.5,-0.5,0.0,-0.5,0.5
2,1,free,6,8,0.0,0.0,-0.5,0.5,0.0,0.0,0.0,0.5,1.0,-0.5
2,1,free,7,1,-0.5,1.0,0.5,0.5,0.5,0.0,-0.5,-1.0,-0.5,0.0
2,1,free,8,0,0.5,0.0,-0.5,-1.0,0.0,0.0,-1.0,0.0,-0.5,0.5
2,1,free,9,1,0.0,1.0,-0.5,-1.0,0.0,0.5,0.5,0.5,0.0,-0.5
2,1,free,10,6,0.0,-0.5,0.0,0.5,-0.5,0.0,1.0,0.5,0.5,0.0
2,1,free,11,6,0.0,-0.5,0.0,0.0,0.0,0.0,1.0,-0.5,0.0,0.0
2,1,free,12,3,0.5,0.5,0.5,1.0,-1.0,0.0,0.5,-1.0,0.0,-1.0
2,1,free,13,6,-0.5,0.5,0.0,0.0,-0.5,0.0,1.0,0.0,-0.5,0.5
2,1,free,14,3,0.0,0.0,0.0,1.0,-0.5,-1.0,0.0,0.0,-0.5,-0.5
2,1,free,15,3,-0.5,-0.5,-0.5,0.0,-0.5,0.0,-1.0,-0.5,-0.5,0.0
2,1,free,16,5,0.0,-0.5,-0.5,-1.0,-0.5,0.5,0.5,-0.5,0.0,0.0
2,1,free,17,1,0.5,1.0,1.0,0.5,-0.5,-0.5,0.0,-1.0,0.0,0.0
2,1,free,18,3,0.0,-0.5,-0.5,1.0,-0.5,-0.5,0.5,-0.5,-0.5,1.0
2,1,free,19,8,-0.5,-1.0,-0.5,0.0,0.0,-1.0,-1.0,0.0,0.5,0.0
2,1,free,20,2,-0.5,-0.5,0.0,0.0,-1.0,-0.5,0.0,0.0,-1.0,-1.0
2,1,free,21,1,-1.0,-0.5,-1.0,-0.5,-1.0,-1.0,-1.0,-0.5,-0.5,-0.5
2,1,free,22,1,-1.0,-0.5,-1.0,-1.0,-0.5,-1.0,-1.0,-0.5,-0.5,-1.0
2,1,free,23,0,-0.5,-0.5,-0.5,-1.0,-1.0,-0.5,-0.5,-1.0,-1.0,-1.0
2,1,free,24,1,-0.5,0.0,0.0,0.0,-1.0,-1.0,-1.0,-1.0,0.0,-1.0
2,1,free,25,2,-1.0,0.0,0.5,-1.0,-1.0,-1.0,-1.0,-1.0,-1.0,-1.0
2,1,free,26,1,-1.0,0.5,-0.5,-1.0,-1.0,-1.0,-0.5,-1.0,-1.0,-1.0
2,1,free,27,1,-1.0,0.0,-1.0,-1.0,-1.0,-0.5,-1.0,-1.0,-1.0,-1.0
2,1,free,28,1,-1.0,0.5,-0.5,-0.5,-1.0,-1.0,-1.0,-1.0,-1.0,-1.0
2,1,free,29,1,-1.0,0.5,-0.5,-1.0,-1.0,-1.0,-1.0,-1.0,-1.0,-1.0
2,1,free,30,1,-1.0,0.5,0.0,-1.0,-1.0,-1.0,-1.0,-1.0,-1.0,-1.0
2,1,free,31,1,-1.0,1.0,-0.5,-1.0,-1.0,-1.0,-1.0,-1.0,-1.0,-1.0
2,1,free,32,1,-1.0,1.0,-0.5,-1.0,-1.0,-1.0,-1.0,-1.0,-1.0,-1.0
2,1,free,33,1,-1.0,1.0,-1.0,-1.0,-1.0,-1.0,-1.0,-1.0,-1.0,-1.0
2,1,free,34,1,-1.0,1.0,-1.0,-1.0,-1.0,-1.0,-1.0,-1.0,-1.0,-1.0
2,1,free,35,1,-1.0,1.0,-1.0,-1.0,-1.0,-1.0,-1.0,-1.0,-1.0,-1.0
2,1,free,36,1,-1.0,1.0,-1.0,-1.0,-1.0,-1.0,-1.0,-1.0,-1.0,-1.0
2,1,free,37,1,-1.0,1.0,-1.0,-1.0,-1.0,-1.0,-1.0,-1.0,-1.0,-1.0
2,1,free,38,1,-1.0,0.5,-1.0,-1.0,-1.0,-1.0,-1.0,-1.0,-1.0,-1.0
2,1,free,39,1,-1.0,0.5,-1.0,-1.0,-1.0,-1.0,-1.0,-1.0,-1.0,-1.0
2,1,free,40,1,-1.0,1.0,-1.0,-1.0,-1.0,-1.0,-1.0,-1.0,-1.0,-1.0
2,1,nudged,1,1,-1.0,1.0,-1.0,-1.0,-1.0,-1.0,-1.0,-1.0,-1.0,-1.0
2,1,nudged,2,1,-1.0,1.0,-1.0,-1.0,-1.0,-1.0,-1.0,-1.0,-1.0,-1.0
2,1,nudged,3,1,-1.0,1.0,-1.0,-1.0,-1.0,-1.0,-1.0,-1.0,-1.0,-1.0
2,1,nudged,4,1,-1.0,1.0,-1.0,-1.0,-1.0,-1.0,-1.0,-1.0,-1.0,-1.0
2,1,nudged,5,1,-1.0,1.0,-1.0,-1.0,-1.0,-1.0,-1.0,-1.0,-1.0,-1.0
2,1,nudged,6,1,-1.0,1.0,-1.0,-1.0,-1.0,-1.0,-1.0,-1.0,-1.0,-1.0
2,1,nudged,7,1,-1.0,1.0,-1.0,-1.0,-1.0,-1.0,-1.0,-1.0,-1.0,-1.0
2,1,nudged,8,1,-1.0,1.0,-1.0,-1.0,-1.0,-1.0,-1.0,-1.0,-1.0,-1.0
2,1,nudged,9,1,-1.0,1.0,-1.0,-1.0,-1.0,-1.0,-1.0,-1.0,-1.0,-1.0
2,1,nudged,10,1,-1.0,1.0,-1.0,-1.0,-1.0,-1.0,-1.0,-1.0,-1.0,-1.0
2,1,nudged,11,1,-1.0,1.0,-1.0,-1.0,-1.0,-1.0,-1.0,-1.0,-1.0,-1.0
2,1,nudged,12,1,-1.0,1.0,-1.0,-1.0,-1.0,-1.0,-1.0,-1.0,-1.0,-1.0
2,1,nudged,13,1,-1.0,1.0,-1.0,-1.0,-1.0,-1.0,-1.0,-1.0,-1.0,-1.0
2,1,nudged,14,1,-1.0,1.0,-1.0,-1.0,-1.0,-1.0,-1.0,-1.0,-1.0,-1.0
2,1,nudged,15,1,-1.0,1.0,-1.0,-1.0,-1.0,-1.0,-1.0,-1.0,-1.0,-1.0
2,1,nudged,16,1,-1.0,1.0,-1.0,-1.0,-1.0,-1.0,-1.0,-1.0,-1.0,-1.0
2,1,nudged,17,1,-1.0,1.0,-1.0,-1.0,-1.0,-1.0,-1.0,-1.0,-1.0,-1.0
2,1,nudged,18,1,-1.0,1.0,-1.0,-1.0,-1.0,-1.0,-1.0,-1.0,-1.0,-1.0
2,1,nudged,19,1,-1.0,1.0,-1.0,-1.0,-1.0,-1.0,-1.0,-1.0,-1.0,-1.0
2,1,nudged,20,1,-1.0,1.0,-1.0,-1.0,-1.0,-1.0,-1.0,-1.0,-1.0,-1.0
2,1,nudged,21,1,-1.0,1.0,-1.0,-1.0,-1.0,-1.0,-1.0,-1.0,-1.0,-1.0
2,1,nudged,22,1,-1.0,0.0,-1.0,-1.0,-1.0,-1.0,-1.0,-1.0,-1.0,-1.0
2,1,nudged,23,1,-1.0,1.0,-0.5,-1.0,-1.0,-1.0,-1.0,-1.0,-1.0,-1.0
2,1,nudged,24,1,-1.0,1.0,-1.0,-0.5,-1.0,-1.0,-1.0,-1.0,-1.0,-1.0
2,1,nudged,25,1,-1.0,0.5,-1.0,-1.0,-1.0,-1.0,-1.0,-1.0,-1.0,-1.0
2,1,nudged,26,1,-1.0,0.5,-0.5,-0.5,-1.0,-1.0,-1.0,-1.0,-1.0,-1.0
2,1,nudged,27,1,-1.0,0.5,-0.5,-0.5,-0.5,-1.0,-1.0,-1.0,0.0,-1.0
2,1,nudged,28,1,-0.5,0.0,-0.5,-1.0,-0.5,-1.0,-1.0,-1.0,0.0,-1.0
2,1,nudged,29,1,-0.5,0.5,-1.0,-1.0,-1.0,-0.5,-1.0,-1.0,0.0,-1.0
2,1,nudged,30,1,0.0,0.5,-1.0,-0.5,-1.0,-1.0,-1.0,-1.0,-0.5,-0.5
2,1,nudged,31,3,-0.5,-0.5,-0.5,0.0,-1.0,-1.0,-1.0,-1.0,-1.0,-1.0
2,1,nudged,32,0,0.0,-1.0,0.0,-0.5,-0.5,-0.5,-0.5,-1.0,-1.0,-0.5
2,1,nudged,33,1,-0.5,0.0,-0.5,-0.5,-0.5,-1.0,-1.0,-1.0,-0.5,0.0
2,1,nudged,34,4,-1.0,0.0,-0.5,-1.0,0.5,-0.5,-0.5,-0.5,0.0,-0.5
2,1,nudged,35,2,0.0,-0.5,0.5,-0.5,-0.5,-0.5,0.0,0.5,0.5,0.0
2,1,nudged,36,8,0.0,0.0,0.0,-1.0,-1.0,-0.5,0.0,-0.5,0.5,0.0
2,1,nudged,37,0,0.5,0.0,0.5,-1.0,0.5,-0.5,-0.5,-0.5,-0.5,0.0
2,1,nudged,38,2,-1.0,0.0,0.5,-0.5,-1.0,0.0,-0.5,0.0,-0.5,-0.5
2,1,nudged,39,1,-0.5,0.5,0.0,-0.5,0.5,-0.5,0.0,-1.0,0.5,-1.0
2,1,nudged,40,4,-0.5,0.0,0.0,-0.5,0.5,0.5,0.5,-0.5,-1.0,0.0
2,2,free,1,3,0.5,-1.0,0.5,1.0,0.5,0.0,0.5,0.5,1.0,0.0
2,2,free,2,0,0.5,-0.5,0.5,-0.5,0.5,0.5,0.0,0.0,0.5,0.0
2,2,free,3,4,-0.5,0.0,0.5,0.5,1.0,-0.5,0.0,0.5,0.0,0.0
2,2,free,4,0,0.5,-0.5,-1.0,0.0,0.5,-0.5,0.0,0.0,-0.5,0.0
2,2,free,5,4,0.5,-0.5,-1.0,0.0,1.0,0.0,-0.5,-0.5,0.5,-0.5
2,2,free,6,0,1.0,0.0,0.0,0.0,0.5,-0.5,0.0,-0.5,-1.0,0.5
2,2,free,7,7,-1.0,0.0,0.0,0.0,0.0,-0.5,-0.5,0.5,-1.0,0.0
2,2,free,8,0,0.5,0.5,0.0,-0.5,-0.5,0.0,0.0,0.0,0.0,0.0
2,2,free,9,0,1.0,0.0,-0.5,-0.5,0.5,0.0,-0.5,-0.5,0.0,0.0
2,2,free,10,1,0.0,0.5,0.0,0.0,-0.5,0.0,-0.5,-0.5,0.0,0.0
2,2,free,11,3,-0.5,0.5,-0.5,1.0,1.0,0.0,0.5,-0.5,0.0,0.5
2,2,free,12,3,-1.0,0.0,-0.5,1.0,0.0,0.0,0.5,-1.0,-0.5,-0.5
2,2,free,13,2,-0.5,0.0,0.5,-0.5,-0.5,-0.5,0.5,0.0,0.0,-0.5
2,2,free,14,5,-0.5,-0.5,-1.0,-0.5,-0.5,0.0,0.0,-0.5,0.0,0.0
2,2,free,15,5,0.0,-0.5,-0.5,0.0,-0.5,0.5,0.0,-0.5,0.0,0.0
2,2,free,16,8,-0.5,0.0,-0.5,0.0,0.0,-0.5,0.0,-0.5,0.5,0.5
2,2,free,17,0,1.0,0.5,-0.5,-0.5,-0.5,-1.0,0.5,-0.5,1.0,0.0
2,2,free,18,0,0.5,-0.5,0.5,-0.5,0.0,-1.0,0.5,0.0,0.5,-0.5
2,2,free,19,2,-0.5,0.0,1.0,0.0,-0.5,-0.5,0.0,-0.5,-0.5,-1.0
2,2,free,20,3,-1.0,-0.5,0.0,0.5,-0.5,-0.5,-1.0,-0.5,-0.5,-1.0
2,2,free,21,5,-0.5,-1.0,-0.5,-0.5,-0.5,0.5,-1.0,-0.5,0.0,0.0
2,2,free,22,5,-0.5,-0.5,-0.5,-0.5,-1.0,0.0,-1.0,-1.0,-1.0,-1.0
2,2,free,23,7,-0.5,-0.5,-1.0,-0.5,-1.0,-0.5,-1.0,0.0,-1.0,-1.0
2,2,free,24,7,-0.5,-1.0,-0.5,-0.5,-1.0,-1.0,-1.0,0.0,-1.0,-1.0
2,2,free,25,1,-1.0,0.5,-1.0,-1.0,-0.5,-1.0,-1.0,0.0,-1.0,-1.0
2,2,free,26,2,-1.0,-0.5,0.0,-1.0,-1.0,-0.5,-1.0,-1.0,-1.0,-1.0
2,2,free,27,8,-1.0,-0.5,-0.5,-1.0,-1.0,-0.5,-1.0,-0.5,0.0,-1.0
2,2,free,28,1,-1.0,0.0,-1.0,-1.0,-1.0,-1.0,-1.0,-0.5,-0.5,-1.0
2,2,free,29,1,-1.0,0.5,-0.5,-0.5,-1.0,-1.0,-1.0,-1.0,-0.5,-1.0
2,2,free,30,1,-1.0,1.0,-1.0,-1.0,-1.0,-1.0,-1.0,-1.0,-1.0,-1.0
2,2,free,31,1,-1.0,0.5,-0.5,-1.0,-1.0,-1.0,-1.0,-1.0,-1.0,-1.0
2,2,free,32,1,-1.0,0.5,-1.0,-1.0,-1.0,-1.0,-1.0,-1.0,-1.0,-1.0
2,2,free,33,1,-1.0,0.5,-1.0,-1.0,-1.0,-1.0,-1.0,-1.0,-1.0,-1.0
2,2,free,34,1,-1.0,0.5,-1.0,-1.0,-1.0,-1.0,-1.0,-1.0,-1.0,-1.0
2,2,free,35,1,-1.0,1.0,-1.0,-1.0,-1.0,-1.0,-1.0,-1.0,-1.0,-1.0
2,2,free,36,1,-1.0,1.0,-1.0,-1.0,-1.0,-1.0,-1.0,-1.0,-1.0,-1.0
2,2,free,37,1,-1.0,1.0,-1.0,-1.0,-1.0,-1.0,-1.0,-1.0,-1.0,-1.0
2,2,free,38,1,-1.0,1.0,-1.0,-1.0,-1.0,-1.0,-1.0,-1.0,-1.0,-1.0
2,2,free,39,1,-1.0,1.0,-1.0,-1.0,-1.0,-1.0,-1.0,-1.0,-1.0,-1.0
2,2,free,40,1,-1.0,1.0,-1.0,-1.0,-1.0,-1.0,-1.0,-1.0,-1.0,-1.0
2,2,nudged,1,1,-1.0,1.0,-1.0,-1.0,-1.0,-1.0,-1.0,-1.0,-1.0,-1.0
2,2,nudged,2,1,-1.0,1.0,-1.0,-1.0,-1.0,-1.0,-1.0,-1.0,-1.0,-1.0
2,2,nudged,3,1,-1.0,1.0,-1.0,-1.0,-1.0,-1.0,-1.0,-1.0,-1.0,-1.0
2,2,nudged,4,1,-1.0,1.0,-1.0,-1.0,-1.0,-1.0,-1.0,-1.0,-1.0,-1.0
2,2,nudged,5,1,-1.0,1.0,-1.0,-1.0,-1.0,-1.0,-1.0,-1.0,-1.0,-1.0
2,2,nudged,6,1,-1.0,1.0,-1.0,-1.0,-1.0,-1.0,-1.0,-1.0,-1.0,-1.0
2,2,nudged,7,1,-1.0,1.0,-1.0,-1.0,-1.0,-1.0,-1.0,-1.0,-1.0,-1.0
2,2,nudged,8,1,-1.0,1.0,-1.0,-1.0,-1.0,-1.0,-1.0,-1.0,-1.0,-1.0
2,2,nudged,9,1,-1.0,1.0,-1.0,-1.0,-1.0,-1.0,-1.0,-1.0,-1.0,-1.0
2,2,nudged,10,1,-1.0,1.0,-1.0,-1.0,-1.0,-1.0,-1.0,-1.0,-1.0,-1.0
2,2,nudged,11,1,-1.0,1.0,-1.0,-1.0,-1.0,-1.0,-1.0,-1.0,-1.0,-1.0
2,2,nudged,12,1,-1.0,1.0,-1.0,-1.0,-1.0,-1.0,-1.0,-1.0,-1.0,-1.0
2,2,nudged,13,1,-1.0,1.0,-1.0,-1.0,-1.0,-1.0,-1.0,-1.0,-1.0,-1.0
2,2,nudged,14,1,-1.0,1.0,-1.0,-1.0,-1.0,-1.0,-1.0,-1.0,-1.0,-1.0
2,2,nudged,15,1,-1.0,1.0,-1.0,-1.0,-1.0,-1.0,-1.0,-1.0,-1.0,-1.0
2,2,nudged,16,1,-1.0,1.0,-1.0,-1.0,-1.0,-1.0,-1.0,-1.0,-1.0,-1.0
2,2,nudged,17,1,-1.0,1.0,-1.0,-1.0,-1.0,-1.0,-1.0,-1.0,-1.0,-1.0
2,2,nudged,18,1,-1.0,1.0,-1.0,-1.0,-1.0,-1.0,-1.0,-1.0,-1.0,-1.0
2,2,nudged,19,1,-1.0,1.0,-1.0,-1.0,-1.0,-1.0,-1.0,-1.0,-1.0,-1.0
2,2,nudged,20,1,-1.0,1.0,-0.5,-1.0,-1.0,-1.0,-1.0,-1.0,-1.0,-1.0
2,2,nudged,21,1,-1.0,1.0,-1.0,-1.0,-1.0,-1.0,-1.0,-1.0,-1.0,-1.0
2,2,nudged,22,1,-1.0,1.0,-1.0,-0.5,-1.0,-1.0,-1.0,-1.0,-1.0,-1.0
2,2,nudged,23,1,-1.0,0.5,-1.0,-1.0,-1.0,-1.0,-1.0,-1.0,-1.0,-1.0
2,2,nudged,24,1,-1.0,0.0,-1.0,-1.0,-1.0,-1.0,-1.0,-1.0,-1.0,-1.0
2,2,nudged,25,1,-1.0,0.5,-1.0,-1.0,-1.0,-0.5,-1.0,-0.5,-1.0,-1.0
2,2,nudged,26,2,-1.0,-0.5,0.5,-1.0,-0.5,-0.5,-1.0,-0.5,-1.0,-1.0
2,2,nudged,27,1,-1.0,0.5,-1.0,-1.0,-1.0,-1.0,-1.0,-1.0,0.0,-0.5
2,2,nudged,28,1,-1.0,0.0,-1.0,-0.5,-1.0,-1.0,-1.0,-1.0,0.0,-1.0
2,2,nudged,29,1,-1.0,0.0,-1.0,-1.0,-1.0,0.0,-1.0,0.0,-1.0,-1.0
2,2,nudged,30,1,-0.5,0.0,-0.5,-1.0,-0.5,-0.5,-0.5,-0.5,-0.5,-0.5
2,2,nudged,31,1,-1.0,0.0,-0.5,-1.0,-1.0,-1.0,0.0,-0.5,-0.5,-1.0
2,2,nudged,32,2,-0.5,-0.5,0.5,0.0,-1.0,-0.5,-0.5,-1.0,-1.0,-1.0
2,2,nudged,33,7,-0.5,0.0,-1.0,-0.5,0.0,-1.0,-0.5,0.5,0.0,-1.0
2,2,nudged,34,2,-0.5,0.0,0.5,0.0,0.0,-1.0,-1.0,-0.5,-0.5,0.0
2,2,nudged,35,2,-0.5,-0.5,0.5,0.0,-0.5,-0.5,0.5,-0.5,-1.0,-0.5
2,2,nudged,36,3,0.0,0.0,0.5,1.0,-0.5,0.0,1.0,-0.5,0.0,0.0
2,2,nudged,37,1,-0.5,0.5,0.5,-0.5,-0.5,-0.5,0.0,-0.5,-0.5,0.0
2,2,nudged,38,6,-0.5,0.0,0.0,-1.0,-1.0,-1.0,0.5,-1.0,0.0,-0.5
2,2,nudged,39,7,-0.5,0.5,0.5,0.0,0.0,-0.5,0.5,1.0,-0.5,-1.0
2,2,nudged,40,2,0.0,-0.5,0.5,0.0,-0.5,-0.5,-0.5,0.0,0.5,-0.5
3,1,free,1,8,0.5,-0.5,-0.5,0.5,-0.5,-1.0,-0.5,-0.5,1.0,0.0
3,1,free,2,0,1.0,-0.5,0.5,0.5,0.0,0.5,-1.0,-1.0,0.0,0.5
3,1,free,3,3,0.0,-0.5,0.0,0.5,0.5,0.0,0.5,0.0,-0.5,0.0
3,1,free,4,1,-0.5,0.0,-0.5,-0.5,0.0,0.0,-1.0,0.0,0.0,-0.5
3,1,free,5,8,-1.0,0.0,0.0,0.0,-0.5,0.0,0.0,-1.0,1.0,0.0
3,1,free,6,7,-0.5,0.5,0.0,-0.5,0.5,0.5,0.0,1.0,1.0,0.5
3,1,free,7,0,0.5,0.5,0.5,-0.5,-0.5,-0.5,0.0,0.0,-0.5,0.0
3,1,free,8,5,0.0,-1.0,0.0,-0.5,-1.0,1.0,-0.5,0.0,-0.5,0.5
3,1,free,9,2,-0.5,0.0,0.5,0.0,-1.0,-0.5,0.5,-0.5,0.5,0.5
3,1,free,10,0,0.5,0.0,-0.5,0.0,-1.0,0.5,-0.5,0.0,0.0,-1.0
3,1,free,11,1,0.0,0.5,0.5,0.5,0.0,0.0,-0.5,-0.5,-0.5,0.0
3,1,free,12,3,0.0,0.0,0.0,0.5,-0.5,0.0,0.0,0.5,0.0,-1.0
3,1,free,13,0,1.0,-0.5,-0.5,1.0,0.0,0.0,0.5,0.0,0.0,-0.5
3,1,free,14,7,-0.5,0.5,-0.5,0.0,0.0,-1.0,0.0,1.0,-0.5,0.5
3,1,free,15,7,0.0,0.0,-0.5,0.0,0.5,-1.0,0.5,1.0,-0.5,0.0
3,1,free,16,4,0.0,-0.5,0.0,0.0,1.0,-1.0,-0.5,-0.5,-0.5,0.0
3,1,free,17,0,0.5,0.0,-0.5,-0.5,-0.5,-1.0,0.0,0.0,0.5,0.0
3,1,free,18,0,1.0,0.0,0.0,-0.5,-0.5,-0.5,-0.5,0.0,-0.5,-0.5
3,1,free,19,6,-1.0,-0.5,0.0,-1.0,0.5,-1.0,1.0,0.0,0.5,0.0
3,1,free,20,2,0.0,-0.5,0.5,-1.0,0.0,0.0,0.5,-0.5,-0.5,0.0
3,1,free,21,6,-0.5,-0.5,0.0,-1.0,0.0,-0.5,1.0,-1.0,-1.0,0.0
3,1,free,22,2,-1.0,-1.0,0.0,-0.5,0.0,-1.0,-0.5,-1.0,-1.0,-1.0
3,1,free,23,2,-0.5,-1.0,0.0,-1.0,-0.5,-1.0,-0.5,-1.0,-0.5,-0.5
3,1,free,24,9,-1.0,-1.0,0.0,-1.0,-0.5,-1.0,-1.0,-1.0,-1.0,0.5
3,1,free,25,2,-1.0,-1.0,1.0,-1.0,-1.0,-1.0,-0.5,-1.0,-1.0,-1.0
3,1,free,26,2,-1.0,-1.0,0.5,-1.0,-0.5,-1.0,0.0,-1.0,-1.0,-1.0
3,1,free,27,2,-0.5,-0.5,1.0,-1.0,-0.5,-1.0,-1.0,-1.0,-1.0,-1.0
3,1,free,28,2,-1.0,-0.5,1.0,-1.0,-0.5,-1.0,-1.0,-1.0,-1.0,-1.0
3,1,free,29,2,-1.0,-1.0,1.0,-1.0,-0.5,-1.0,-0.5,-1.0,0.0,-1.0
3,1,free,30,2,-0.5,-1.0,1.0,-1.0,-0.5,-1.0,-0.5,-1.0,-0.5,-1.0
3,1,free,31,2,-1.0,-1.0,0.5,-1.0,-0.5,-1.0,0.0,-1.0,0.0,-1.0
3,1,free,32,2,-1.0,-1.0,1.0,-1.0,-0.5,-1.0,0.0,-1.0,0.0,-1.0
3,1,free,33,2,-1.0,-1.0,0.5,-1.0,-0.5,-1.0,-0.5,-1.0,0.0,-1.0
3,1,free,34,2,-1.0,-1.0,1.0,-1.0,-0.5,-1.0,-0.5,-1.0,-1.0,-1.0
3,1,free,35,2,-1.0,-1.0,1.0,-1.0,-0.5,-1.0,-0.5,-1.0,-1.0,-1.0
3,1,free,36,2,-1.0,-1.0,1.0,-1.0,-0.5,-1.0,-0.5,-1.0,-1.0,-1.0
3,1,free,37,2,-1.0,-1.0,1.0,-1.0,-0.5,-1.0,-0.5,-1.0,-1.0,-1.0
3,1,free,38,2,-1.0,-1.0,1.0,-1.0,-0.5,-1.0,-0.5,-1.0,-1.0,-1.0
3,1,free,39,2,-1.0,-1.0,1.0,-1.0,-0.5,-1.0,-0.5,-1.0,-1.0,-1.0
3,1,free,40,2,-1.0,-1.0,1.0,-1.0,-0.5,-1.0,-0.5,-1.0,-1.0,-1.0
3,1,nudged,1,2,-1.0,-1.0,1.0,-1.0,-0.5,-1.0,-1.0,-1.0,-1.0,-1.0
3,1,nudged,2,2,-1.0,-1.0,1.0,-1.0,-1.0,-1.0,-1.0,-1.0,-1.0,-1.0
3,1,nudged,3,2,-1.0,-1.0,1.0,-1.0,-1.0,-1.0,-1.0,-1.0,-1.0,-1.0
3,1,nudged,4,2,-1.0,-1.0,1.0,-1.0,-1.0,-1.0,-1.0,-1.0,-1.0,-1.0
3,1,nudged,5,2,-1.0,-1.0,1.0,-1.0,-1.0,-1.0,-1.0,-1.0,-1.0,-1.0
3,1,nudged,6,2,-1.0,-1.0,1.0,-1.0,-1.0,-1.0,-1.0,-1.0,-1.0,-1.0
3,1,nudged,7,2,-1.0,-1.0,1.0,-1.0,-1.0,-1.0,-1.0,-1.0,-1.0,-1.0
3,1,nudged,8,2,-1.0,-1.0,1.0,-1.0,-1.0,-1.0,-1.0,-1.0,-1.0,-1.0
3,1,nudged,9,2,-1.0,-1.0,1.0,-1.0,-1.0,-1.0,-1.0,-1.0,-1.0,-1.0
3,1,nudged,10,2,-1.0,-1.0,1.0,-1.0,-1.0,-1.0,-1.0,-1.0,-1.0,-1.0
3,1,nudged,11,2,-1.0,-1.0,1.0,-1.0,-1.0,-1.0,-1.0,-1.0,-1.0,-1.0
3,1,nudged,12,2,-1.0,-1.0,1.0,-1.0,-1.0,-1.0,-1.0,-1.0,-1.0,-1.0
3,1,nudged,13,2,-1.0,-1.0,1.0,-1.0,-1.0,-1.0,-1.0,-1.0,-1.0,-1.0
3,1,nudged,14,2,-1.0,-1.0,1.0,-1.0,-1.0,-1.0,-1.0,-1.0,-1.0,-1.0
3,1,nudged,15,2,-1.0,-1.0,1.0,-1.0,-1.0,-1.0,-1.0,-1.0,-1.0,-1.0
3,1,nudged,16,2,-1.0,-1.0,1.0,-1.0,-1.0,-1.0,-1.0,-1.0,-1.0,-1.0
3,1,nudged,17,2,-1.0,-1.0,1.0,-1.0,-1.0,-1.0,-1.0,-1.0,-1.0,-1.0
3,1,nudged,18,2,-1.0,-1.0,1.0,-1.0,-1.0,-1.0,-1.0,-1.0,-1.0,-1.0
3,1,nudged,19,2,-1.0,-1.0,1.0,-1.0,-1.0,-1.0,-1.0,-1.0,-1.0,-1.0
3,1,nudged,20,2,-0.5,-1.0,0.5,-1.0,-1.0,-1.0,-1.0,-1.0,-1.0,-1.0
3,1,nudged,21,2,-1.0,-0.5,1.0,-1.0,-1.0,-1.0,-1.0,-1.0,-1.0,-1.0
3,1,nudged,22,2,-1.0,-0.5,1.0,-1.0,-1.0,-1.0,-1.0,-1.0,-1.0,-1.0
3,1,nudged,23,2,-1.0,-1.0,1.0,-1.0,-1.0,-1.0,-1.0,-0.5,-1.0,-1.0
3,1,nudged,24,2,-1.0,-1.0,0.5,-1.0,-1.0,-1.0,-1.0,-1.0,-1.0,-1.0
3,1,nudged,25,2,-1.0,-1.0,0.5,-1.0,-1.0,-1.0,-0.5,-0.5,-1.0,-1.0
3,1,nudged,26,2,-1.0,-1.0,1.0,-1.0,-0.5,-1.0,-1.0,-1.0,-1.0,-1.0
3,1,nudged,27,2,-1.0,-1.0,1.0,-0.5,0.0,-1.0,-0.5,-1.0,-1.0,-0.5
3,1,nudged,28,2,-1.0,-1.0,0.0,-1.0,-0.5,0.0,-0.5,-1.0,-1.0,-1.0
3,1,nudged,29,2,-1.0,-0.5,0.0,-1.0,0.0,-1.0,-1.0,-1.0,-0.5,-1.0
3,1,nudged,30,2,-1.0,-0.5,0.0,-1.0,0.0,-0.5,0.0,-1.0,-0.5,-1.0
3,1,nudged,31,2,-0.5,-0.5,0.5,0.0,-1.0,0.0,-1.0,-1.0,-1.0,-1.0
3,1,nudged,32,0,0.0,0.0,-0.5,-0.5,-1.0,-1.0,-1.0,-0.5,0.0,-1.0
3,1,nudged,33,2,-0.5,-0.5,1.0,-0.5,-0.5,-0.5,-0.5,-0.5,-0.5,-0.5
3,1,nudged,34,2,-0.5,0.0,0.5,0.0,-0.5,-0.5,0.0,0.0,-0.5,-1.0
3,1,nudged,35,0,0.0,-1.0,-1.0,-0.5,0.0,0.0,-0.5,0.0,-1.0,0.0
3,1,nudged,36,9,0.0,-0.5,0.5,-0.5,0.0,0.5,0.0,-0.5,-1.0,1.0
3,1,nudged,37,2,0.0,0.0,1.0,-0.5,0.0,1.0,0.0,0.0,0.0,0.5
3,1,nudged,38,0,0.5,0.0,0.5,-0.5,-0.5,-0.5,0.0,-0.5,0.0,0.5
3,1,nudged,39,2,-0.5,-0.5,0.5,0.0,-0.5,-0.5,0.5,0.5,0.0,-1.0
3,1,nudged,40,2,-0.5,-0.5,0.5,0.0,0.5,-0.5,0.5,0.0,-0.5,-0.5
3,2,free,1,0,0.5,0.0,-1.0,0.5,0.0,0.5,-0.5,-0.5,0.5,-0.5
3,2,free,2,7,0.0,-0.5,-1.0,0.5,0.0,0.0,0.0,1.0,0.5,0.0
3,2,free,3,5,0.5,0.5,-0.5,-0.5,0.5,1.0,0.0,-1.0,-1.0,-0.5
3,2,free,4,7,-0.5,-0.5,0.0,-0.5,-1.0,-0.5,0.0,0.5,0.0,0.0
3,2,free,5,3,0.0,0.5,-0.5,1.0,0.0,0.0,1.0,0.5,-0.5,0.0
3,2,free,6,0,1.0,0.5,0.5,0.5,-0.5,0.0,-0.5,0.5,-0.5,-1.0
3,2,free,7,6,0.0,0.0,-0.5,-0.5,0.0,-0.5,0.5,-0.5,0.5,0.5
3,2,free,8,0,0.5,-0.5,0.5,0.0,-0.5,0.0,0.0,-0.5,0.5,-0.5
3,2,free,9,4,-0.5,-1.0,-1.0,-0.5,0.5,0.0,0.5,-0.5,-0.5,0.0
3,2,free,10,0,0.5,0.5,0.5,0.0,-1.0,0.0,-0.5,0.5,0.0,0.5
3,2,free,11,1,-0.5,0.5,0.5,0.0,0.0,0.0,-0.5,-0.5,-0.5,0.5
3,2,free,12,9,-0.5,-0.5,0.0,0.0,-0.5,0.0,0.0,-0.5,0.0,1.0
3,2,free,13,6,0.0,-0.5,0.0,-0.5,0.0,-0.5,0.5,-1.0,0.5,0.5
3,2,free,14,4,0.5,-0.5,0.0,0.5,1.0,-0.5,-0.5,-0.5,-0.5,-0.5
3,2,free,15,1,-1.0,0.5,0.5,0.0,0.0,0.0,0.5,0.5,-0.5,0.5
3,2,free,16,1,-0.5,0.0,-0.5,0.0,-0.5,-0.5,0.0,0.0,0.0,0.0
3,2,free,17,0,0.5,-1.0,-0.5,0.0,-0.5,-0.5,-0.5,-0.5,0.0,-0.5
3,2,free,18,6,0.0,-0.5,-0.5,-0.5,0.0,-0.5,0.5,-0.5,0.5,-1.0
3,2,free,19,4,0.0,0.0,-0.5,0.0,0.5,-1.0,0.5,-1.0,0.5,-1.0
3,2,free,20,2,-1.0,0.0,0.5,0.0,0.0,-1.0,0.0,0.5,-0.5,-1.0
3,2,free,21,2,-1.0,-0.5,0.5,-0.5,0.0,-1.0,0.0,0.0,0.0,-1.0
3,2,free,22,2,-0.5,-0.5,0.5,-0.5,-0.5,-1.0,0.0,-0.5,0.0,-0.5
3,2,free,23,2,0.0,-0.5,0.5,-1.0,-0.5,-1.0,0.5,-1.0,-0.5,0.0
3,2,free,24,0,0.0,-0.5,-1.0,-1.0,-1.0,-1.0,0.0,-0.5,-0.5,-0.5
3,2,free,25,0,0.0,-1.0,0.0,-1.0,-0.5,-1.0,0.0,-1.0,-1.0,-0.5
3,2,free,26,2,-1.0,-1.0,1.0,-1.0,-0.5,-1.0,-0.5,-1.0,0.0,-1.0
3,2,free,27,2,-1.0,-1.0,1.0,-1.0,-0.5,-1.0,-0.5,-1.0,-0.5,-1.0
3,2,free,28,2,-0.5,-1.0,1.0,-1.0,-0.5,-1.0,-0.5,-1.0,-1.0,-1.0
3,2,free,29,2,-0.5,-1.0,1.0,-0.5,-0.5,-1.0,-1.0,-1.0,-1.0,-1.0
3,2,free,30,2,-0.5,-1.0,1.0,-1.0,-0.5,-1.0,-1.0,-1.0,-0.5,-1.0
3,2,free,31,2,-1.0,-1.0,1.0,-1.0,0.0,-1.0,-1.0,-1.0,-1.0,-1.0
3,2,free,32,2,-1.0,-1.0,1.0,-1.0,-0.5,-1.0,-1.0,-1.0,-1.0,-1.0
3,2,free,33,2,-1.0,-1.0,1.0,-1.0,-0.5,-1.0,-1.0,-1.0,-1.0,-1.0
3,2,free,34,2,-1.0,-1.0,1.0,-1.0,-0.5,-1.0,-1.0,-1.0,-1.0,-1.0
3,2,free,35,2,-1.0,-1.0,1.0,-1.0,-0.5,-1.0,-1.0,-1.0,-1.0,-1.0
3,2,free,36,2,-1.0,-1.0,1.0,-1.0,-0.5,-1.0,-1.0,-1.0,-1.0,-1.0
3,2,free,37,2,-1.0,-1.0,1.0,-1.0,-0.5,-1.0,-0.5,-1.0,-1.0,-1.0
3,2,free,38,2,-1.0,-1.0,1.0,-1.0,-0.5,-1.0,-0.5,-1.0,-1.0,-1.0
3,2,free,39,2,-1.0,-1.0,1.0,-1.0,-0.5,-1.0,-0.5,-1.0,-1.0,-1.0
3,2,free,40,2,-1.0,-1.0,1.0,-1.0,-0.5,-1.0,-0.5,-1.0,-1.0,-1.0
3,2,nudged,1,2,-1.0,-1.0,1.0,-1.0,-1.0,-1.0,-1.0,-1.0,-1.0,-1.0
3,2,nudged,2,2,-1.0,-1.0,1.0,-1.0,-0.5,-1.0,-1.0,-1.0,-1.0,-1.0
3,2,nudged,3,2,-1.0,-1.0,1.0,-1.0,-1.0,-1.0,-1.0,-1.0,-1.0,-1.0
3,2,nudged,4,2,-1.0,-1.0,1.0,-1.0,-1.0,-1.0,-1.0,-1.0,-1.0,-1.0
3,2,nudged,5,2,-1.0,-1.0,1.0,-1.0,-1.0,-1.0,-1.0,-1.0,-1.0,-1.0
3,2,nudged,6,2,-1.0,-1.0,1.0,-1.0,-1.0,-1.0,-1.0,-1.0,-1.0,-1.0
3,2,nudged,7,2,-1.0,-1.0,1.0,-1.0,-1.0,-1.0,-1.0,-1.0,-1.0,-1.0
3,2,nudged,8,2,-1.0,-1.0,1.0,-1.0,-1.0,-1.0,-1.0,-1.0,-1.0,-1.0
3,2,nudged,9,2,-1.0,-1.0,1.0,-1.0,-1.0,-1.0,-1.0,-1.0,-1.0,-1.0
3,2,nudged,10,2,-1.0,-1.0,1.0,-1.0,-1.0,-1.0,-1.0,-1.0,-1.0,-1.0
3,2,nudged,11,2,-1.0,-1.0,1.0,-1.0,-1.0,-1.0,-1.0,-1.0,-1.0,-1.0
3,2,nudged,12,2,-1.0,-1.0,1.0,-1.0,-1.0,-1.0,-1.0,-1.0,-1.0,-1.0
3,2,nudged,13,2,-1.0,-1.0,1.0,-1.0,-1.0,-1.0,-1.0,-1.0,-1.0,-1.0
3,2,nudged,14,2,-1.0,-1.0,1.0,-1.0,-1.0,-1.0,-1.0,-1.0,-1.0,-1.0
3,2,nudged,15,2,-1.0,-1.0,1.0,-1.0,-1.0,-1.0,-1.0,-1.0,-1.0,-1.0
3,2,nudged,16,2,-1.0,-1.0,1.0,-1.0,-1.0,-1.0,-1.0,-1.0,-1.0,-1.0
3,2,nudged,17,2,-1.0,-1.0,1.0,-1.0,-1.0,-1.0,-1.0,-1.0,-1.0,-1.0
3,2,nudged,18,2,-1.0,-1.0,1.0,-1.0,-1.0,-1.0,-0.5,-1.0,-1.0,-1.0
3,2,nudged,19,2,-1.0,-1.0,1.0,-1.0,-1.0,-1.0,-1.0,-1.0,-1.0,-1.0
3,2,nudged,20,2,-1.0,-1.0,1.0,-1.0,-1.0,-1.0,-1.0,-1.0,-1.0,-1.0
3,2,nudged,21,2,-1.0,-1.0,1.0,-1.0,-1.0,-1.0,-0.5,-1.0,-1.0,-1.0
3,2,nudged,22,2,-1.0,-1.0,0.0,-1.0,-1.0,-1.0,-0.5,-1.0,-0.5,-1.0
3,2,nudged,23,2,-1.0,-1.0,1.0,-1.0,-1.0,-1.0,-0.5,-1.0,-1.0,-1.0
3,2,nudged,24,2,-1.0,-1.0,1.0,-1.0,-1.0,-0.5,-1.0,-1.0,-1.0,-1.0
3,2,nudged,25,2,-1.0,-1.0,1.0,-1.0,-1.0,-1.0,-1.0,-1.0,-1.0,-1.0
3,2,nudged,26,2,-0.5,-1.0,0.0,-1.0,-0.5,-1.0,-1.0,-1.0,-1.0,-1.0
3,2,nudged,27,2,-0.5,-0.5,1.0,-1.0,0.0,-1.0,-1.0,-0.5,-1.0,-0.5
3,2,nudged,28,2,-0.5,-0.5,0.5,-1.0,-0.5,-1.0,-0.5,-1.0,-0.5,-1.0
3,2,nudged,29,2,-0.5,-1.0,1.0,-1.0,-1.0,-0.5,-1.0,-0.5,0.0,-1.0
3,2,nudged,30,2,-0.5,-0.5,0.0,-0.5,-1.0,-1.0,-0.5,-0.5,-0.5,-0.5
3,2,nudged,31,0,0.0,-0.5,0.0,-0.5,-0.5,-1.0,0.0,-0.5,-0.5,-1.0
3,2,nudged,32,1,-1.0,0.0,0.0,-1.0,-1.0,-1.0,-1.0,-1.0,-1.0,-0.5
3,2,nudged,33,2,-0.5,0.0,0.5,-0.5,-1.0,-0.5,-0.5,-0.5,0.0,-1.0
3,2,nudged,34,0,1.0,-1.0,0.5,0.0,-0.5,-0.5,0.0,-1.0,0.0,-1.0
3,2,nudged,35,2,0.0,-0.5,1.0,0.5,0.0,0.0,-1.0,0.0,0.0,-0.5
3,2,nudged,36,2,-1.0,-1.0,0.5,0.5,0.5,0.0,-0.5,0.5,0.5,-1.0
3,2,nudged,37,3,-0.5,-0.5,0.0,0.5,0.0,-1.0,0.5,-0.5,-0.5,0.0
3,2,nudged,38,9,-1.0,-1.0,-0.5,0.0,-0.5,-1.0,0.0,0.0,0.0,0.5
3,2,nudged,39,1,0.0,0.5,0.0,0.5,-0.5,-0.5,0.0,-1.0,-0.5,-1.0
3,2,nudged,40,2,-0.5,-0.5,0.5,-1.0,0.0,0.0,0.5,-1.0,0.0,-0.5
