timestamp,epoch,seconds,train_accuracy,train_loss,test_accuracy,test_loss,pred_counts,w_norm,b_norm,w_input_norm,grad_w_norm,grad_b_norm,grad_w_input_norm,best_accuracy,best_path,final_path
2026-06-06T18:14:26,0,0.0,0.112,16.894997,0.097,17.248228,102-106-88-108-94-122-90-91-109-90,0.51125515,0.0,0.68779385,0.0,0.0,0.0,0.097,C:\Users\fenje\dev\InteractiveIsing.jl\ext\IsingLearning\experiments\MNIST\locally-connected-6x6-window-replication\experiments\current\20260606_175842_lcl_6x6_tangent_low_beta_calibration_grid\lcl6x6_tangent_b0p3_lr0p00020_T0p0003_ws0p005_s25_train500_e120\best_checkpoint.bin,
2026-06-06T18:14:35,1,8.2450461,missing,missing,missing,missing,missing,0.7670147,0.11699324,0.9414637,45.743423,20.109335,49.94367,0.097,C:\Users\fenje\dev\InteractiveIsing.jl\ext\IsingLearning\experiments\MNIST\locally-connected-6x6-window-replication\experiments\current\20260606_175842_lcl_6x6_tangent_low_beta_calibration_grid\lcl6x6_tangent_b0p3_lr0p00020_T0p0003_ws0p005_s25_train500_e120\best_checkpoint.bin,
2026-06-06T18:14:37,2,1.4609546,missing,missing,missing,missing,missing,1.1154684,0.20956667,1.1436762,17.061598,6.9972405,7.549204,0.097,C:\Users\fenje\dev\InteractiveIsing.jl\ext\IsingLearning\experiments\MNIST\locally-connected-6x6-window-replication\experiments\current\20260606_175842_lcl_6x6_tangent_low_beta_calibration_grid\lcl6x6_tangent_b0p3_lr0p00020_T0p0003_ws0p005_s25_train500_e120\best_checkpoint.bin,
2026-06-06T18:14:39,3,1.615665,missing,missing,missing,missing,missing,1.3115455,0.25289282,1.1929754,7.2060094,2.7001588,3.525398,0.097,C:\Users\fenje\dev\InteractiveIsing.jl\ext\IsingLearning\experiments\MNIST\locally-connected-6x6-window-replication\experiments\current\20260606_175842_lcl_6x6_tangent_low_beta_calibration_grid\lcl6x6_tangent_b0p3_lr0p00020_T0p0003_ws0p005_s25_train500_e120\best_checkpoint.bin,
2026-06-06T18:14:40,4,1.74625,missing,missing,missing,missing,missing,1.4209242,0.27199072,1.201383,3.4670167,1.3325084,2.5824976,0.097,C:\Users\fenje\dev\InteractiveIsing.jl\ext\IsingLearning\experiments\MNIST\locally-connected-6x6-window-replication\experiments\current\20260606_175842_lcl_6x6_tangent_low_beta_calibration_grid\lcl6x6_tangent_b0p3_lr0p00020_T0p0003_ws0p005_s25_train500_e120\best_checkpoint.bin,
2026-06-06T18:14:42,5,1.5029825,0.09,5.7175374,0.111,5.432523,91-112-105-100-114-102-96-96-92-92,1.4970531,0.2813406,1.1982094,3.1882718,0.79587203,4.2318892,0.111,C:\Users\fenje\dev\InteractiveIsing.jl\ext\IsingLearning\experiments\MNIST\locally-connected-6x6-window-replication\experiments\current\20260606_175842_lcl_6x6_tangent_low_beta_calibration_grid\lcl6x6_tangent_b0p3_lr0p00020_T0p0003_ws0p005_s25_train500_e120\best_checkpoint.bin,
2026-06-06T18:14:44,6,1.6930036,missing,missing,missing,missing,missing,1.5629022,0.28628045,1.1856055,3.1447132,0.68188506,4.979775,0.111,C:\Users\fenje\dev\InteractiveIsing.jl\ext\IsingLearning\experiments\MNIST\locally-connected-6x6-window-replication\experiments\current\20260606_175842_lcl_6x6_tangent_low_beta_calibration_grid\lcl6x6_tangent_b0p3_lr0p00020_T0p0003_ws0p005_s25_train500_e120\best_checkpoint.bin,
2026-06-06T18:14:46,7,1.6456171,missing,missing,missing,missing,missing,1.6242659,0.28734127,1.165152,2.2451208,0.5460437,3.8697,0.111,C:\Users\fenje\dev\InteractiveIsing.jl\ext\IsingLearning\experiments\MNIST\locally-connected-6x6-window-replication\experiments\current\20260606_175842_lcl_6x6_tangent_low_beta_calibration_grid\lcl6x6_tangent_b0p3_lr0p00020_T0p0003_ws0p005_s25_train500_e120\best_checkpoint.bin,
2026-06-06T18:14:47,8,1.7981297,missing,missing,missing,missing,missing,1.6827474,0.28633034,1.1364728,2.367533,0.696504,5.683926,0.111,C:\Users\fenje\dev\InteractiveIsing.jl\ext\IsingLearning\experiments\MNIST\locally-connected-6x6-window-replication\experiments\current\20260606_175842_lcl_6x6_tangent_low_beta_calibration_grid\lcl6x6_tangent_b0p3_lr0p00020_T0p0003_ws0p005_s25_train500_e120\best_checkpoint.bin,
2026-06-06T18:14:49,9,1.5737948,missing,missing,missing,missing,missing,1.7422781,0.283091,1.0967088,1.992599,0.6237315,5.2544656,0.111,C:\Users\fenje\dev\InteractiveIsing.jl\ext\IsingLearning\experiments\MNIST\locally-connected-6x6-window-replication\experiments\current\20260606_175842_lcl_6x6_tangent_low_beta_calibration_grid\lcl6x6_tangent_b0p3_lr0p00020_T0p0003_ws0p005_s25_train500_e120\best_checkpoint.bin,
2026-06-06T18:14:51,10,1.4702391,0.096,9.248407,0.112,8.554112,106-105-109-98-100-96-98-100-85-103,1.8002214,0.27885216,1.055099,2.618657,1.0137597,8.875443,0.112,C:\Users\fenje\dev\InteractiveIsing.jl\ext\IsingLearning\experiments\MNIST\locally-connected-6x6-window-replication\experiments\current\20260606_175842_lcl_6x6_tangent_low_beta_calibration_grid\lcl6x6_tangent_b0p3_lr0p00020_T0p0003_ws0p005_s25_train500_e120\best_checkpoint.bin,
2026-06-06T18:14:52,11,1.7358679,missing,missing,missing,missing,missing,1.8551382,0.27500758,1.022957,2.1317158,0.89904857,6.408941,0.112,C:\Users\fenje\dev\InteractiveIsing.jl\ext\IsingLearning\experiments\MNIST\locally-connected-6x6-window-replication\experiments\current\20260606_175842_lcl_6x6_tangent_low_beta_calibration_grid\lcl6x6_tangent_b0p3_lr0p00020_T0p0003_ws0p005_s25_train500_e120\best_checkpoint.bin,
2026-06-06T18:14:54,12,1.5498273,missing,missing,missing,missing,missing,1.903168,0.272441,1.0136684,1.6548982,0.66685563,5.4886203,0.112,C:\Users\fenje\dev\InteractiveIsing.jl\ext\IsingLearning\experiments\MNIST\locally-connected-6x6-window-replication\experiments\current\20260606_175842_lcl_6x6_tangent_low_beta_calibration_grid\lcl6x6_tangent_b0p3_lr0p00020_T0p0003_ws0p005_s25_train500_e120\best_checkpoint.bin,
2026-06-06T18:14:55,13,1.5773425,missing,missing,missing,missing,missing,1.9385352,0.2718588,1.0209965,1.39001,0.7021921,5.3338428,0.112,C:\Users\fenje\dev\InteractiveIsing.jl\ext\IsingLearning\experiments\MNIST\locally-connected-6x6-window-replication\experiments\current\20260606_175842_lcl_6x6_tangent_low_beta_calibration_grid\lcl6x6_tangent_b0p3_lr0p00020_T0p0003_ws0p005_s25_train500_e120\best_checkpoint.bin,
2026-06-06T18:14:57,14,1.6666567,missing,missing,missing,missing,missing,1.9662664,0.27234402,1.0350125,1.0679206,0.4472851,3.9059107,0.112,C:\Users\fenje\dev\InteractiveIsing.jl\ext\IsingLearning\experiments\MNIST\locally-connected-6x6-window-replication\experiments\current\20260606_175842_lcl_6x6_tangent_low_beta_calibration_grid\lcl6x6_tangent_b0p3_lr0p00020_T0p0003_ws0p005_s25_train500_e120\best_checkpoint.bin,
2026-06-06T18:14:59,15,1.5946614,0.088,12.087165,0.11,11.488905,101-96-104-98-94-101-100-106-92-108,1.9884132,0.27342474,1.0516354,0.9334857,0.44187802,2.9705093,0.112,C:\Users\fenje\dev\InteractiveIsing.jl\ext\IsingLearning\experiments\MNIST\locally-connected-6x6-window-replication\experiments\current\20260606_175842_lcl_6x6_tangent_low_beta_calibration_grid\lcl6x6_tangent_b0p3_lr0p00020_T0p0003_ws0p005_s25_train500_e120\best_checkpoint.bin,
2026-06-06T18:15:01,16,1.6370831,missing,missing,missing,missing,missing,2.0081668,0.2745209,1.0694101,0.7323628,0.38314134,2.6380954,0.112,C:\Users\fenje\dev\InteractiveIsing.jl\ext\IsingLearning\experiments\MNIST\locally-connected-6x6-window-replication\experiments\current\20260606_175842_lcl_6x6_tangent_low_beta_calibration_grid\lcl6x6_tangent_b0p3_lr0p00020_T0p0003_ws0p005_s25_train500_e120\best_checkpoint.bin,
2026-06-06T18:15:02,17,1.5395197,missing,missing,missing,missing,missing,2.0273283,0.27606344,1.0860817,0.6313376,0.3017485,2.2011342,0.112,C:\Users\fenje\dev\InteractiveIsing.jl\ext\IsingLearning\experiments\MNIST\locally-connected-6x6-window-replication\experiments\current\20260606_175842_lcl_6x6_tangent_low_beta_calibration_grid\lcl6x6_tangent_b0p3_lr0p00020_T0p0003_ws0p005_s25_train500_e120\best_checkpoint.bin,
2026-06-06T18:15:04,18,1.7174933,missing,missing,missing,missing,missing,2.0455086,0.27746817,1.1018239,0.66248643,0.302996,2.37024,0.112,C:\Users\fenje\dev\InteractiveIsing.jl\ext\IsingLearning\experiments\MNIST\locally-connected-6x6-window-replication\experiments\current\20260606_175842_lcl_6x6_tangent_low_beta_calibration_grid\lcl6x6_tangent_b0p3_lr0p00020_T0p0003_ws0p005_s25_train500_e120\best_checkpoint.bin,
2026-06-06T18:15:05,19,1.5476463,missing,missing,missing,missing,missing,2.061041,0.2787125,1.1186044,0.6703563,0.29284808,2.3956869,0.112,C:\Users\fenje\dev\InteractiveIsing.jl\ext\IsingLearning\experiments\MNIST\locally-connected-6x6-window-replication\experiments\current\20260606_175842_lcl_6x6_tangent_low_beta_calibration_grid\lcl6x6_tangent_b0p3_lr0p00020_T0p0003_ws0p005_s25_train500_e120\best_checkpoint.bin,
2026-06-06T18:15:07,20,1.531967,0.102,12.470132,0.118,11.772687,105-87-97-116-84-98-102-90-101-120,2.0741932,0.28023472,1.1353406,0.6374134,0.33589834,2.4467504,0.118,C:\Users\fenje\dev\InteractiveIsing.jl\ext\IsingLearning\experiments\MNIST\locally-connected-6x6-window-replication\experiments\current\20260606_175842_lcl_6x6_tangent_low_beta_calibration_grid\lcl6x6_tangent_b0p3_lr0p00020_T0p0003_ws0p005_s25_train500_e120\best_checkpoint.bin,
2026-06-06T18:15:09,21,1.6827852,missing,missing,missing,missing,missing,2.0871542,0.2818494,1.1515819,0.73900026,0.31937963,2.3383079,0.118,C:\Users\fenje\dev\InteractiveIsing.jl\ext\IsingLearning\experiments\MNIST\locally-connected-6x6-window-replication\experiments\current\20260606_175842_lcl_6x6_tangent_low_beta_calibration_grid\lcl6x6_tangent_b0p3_lr0p00020_T0p0003_ws0p005_s25_train500_e120\best_checkpoint.bin,
2026-06-06T18:15:10,22,1.610012,missing,missing,missing,missing,missing,2.1000502,0.28317985,1.1671804,0.7436994,0.34201524,2.277706,0.118,C:\Users\fenje\dev\InteractiveIsing.jl\ext\IsingLearning\experiments\MNIST\locally-connected-6x6-window-replication\experiments\current\20260606_175842_lcl_6x6_tangent_low_beta_calibration_grid\lcl6x6_tangent_b0p3_lr0p00020_T0p0003_ws0p005_s25_train500_e120\best_checkpoint.bin,
2026-06-06T18:15:12,23,1.5420659,missing,missing,missing,missing,missing,2.112335,0.2843457,1.1824034,0.46753505,0.24014077,1.5859267,0.118,C:\Users\fenje\dev\InteractiveIsing.jl\ext\IsingLearning\experiments\MNIST\locally-connected-6x6-window-replication\experiments\current\20260606_175842_lcl_6x6_tangent_low_beta_calibration_grid\lcl6x6_tangent_b0p3_lr0p00020_T0p0003_ws0p005_s25_train500_e120\best_checkpoint.bin,
2026-06-06T18:15:13,24,1.5017891,missing,missing,missing,missing,missing,2.1227527,0.2854281,1.1974419,0.45951685,0.25412366,1.6472586,0.118,C:\Users\fenje\dev\InteractiveIsing.jl\ext\IsingLearning\experiments\MNIST\locally-connected-6x6-window-replication\experiments\current\20260606_175842_lcl_6x6_tangent_low_beta_calibration_grid\lcl6x6_tangent_b0p3_lr0p00020_T0p0003_ws0p005_s25_train500_e120\best_checkpoint.bin,
2026-06-06T18:15:15,25,1.672715,0.088,12.026708,0.108,12.750772,104-112-100-84-111-91-87-108-101-102,2.133907,0.28685513,1.2119794,0.5350856,0.27285936,1.8299809,0.118,C:\Users\fenje\dev\InteractiveIsing.jl\ext\IsingLearning\experiments\MNIST\locally-connected-6x6-window-replication\experiments\current\20260606_175842_lcl_6x6_tangent_low_beta_calibration_grid\lcl6x6_tangent_b0p3_lr0p00020_T0p0003_ws0p005_s25_train500_e120\best_checkpoint.bin,
2026-06-06T18:15:17,26,1.7345434,missing,missing,missing,missing,missing,2.1436512,0.28822517,1.22724,0.47203127,0.18569821,1.2338699,0.118,C:\Users\fenje\dev\InteractiveIsing.jl\ext\IsingLearning\experiments\MNIST\locally-connected-6x6-window-replication\experiments\current\20260606_175842_lcl_6x6_tangent_low_beta_calibration_grid\lcl6x6_tangent_b0p3_lr0p00020_T0p0003_ws0p005_s25_train500_e120\best_checkpoint.bin,
2026-06-06T18:15:19,27,1.6025607,missing,missing,missing,missing,missing,2.153595,0.28900525,1.2402472,0.46304244,0.22317746,1.435161,0.118,C:\Users\fenje\dev\InteractiveIsing.jl\ext\IsingLearning\experiments\MNIST\locally-connected-6x6-window-replication\experiments\current\20260606_175842_lcl_6x6_tangent_low_beta_calibration_grid\lcl6x6_tangent_b0p3_lr0p00020_T0p0003_ws0p005_s25_train500_e120\best_checkpoint.bin,
2026-06-06T18:15:20,28,1.6220806,missing,missing,missing,missing,missing,2.162056,0.29002517,1.252606,0.48442733,0.2516124,1.7728602,0.118,C:\Users\fenje\dev\InteractiveIsing.jl\ext\IsingLearning\experiments\MNIST\locally-connected-6x6-window-replication\experiments\current\20260606_175842_lcl_6x6_tangent_low_beta_calibration_grid\lcl6x6_tangent_b0p3_lr0p00020_T0p0003_ws0p005_s25_train500_e120\best_checkpoint.bin,
2026-06-06T18:15:22,29,1.7157983,missing,missing,missing,missing,missing,2.169975,0.29127538,1.2650173,0.5338332,0.2402971,1.7354115,0.118,C:\Users\fenje\dev\InteractiveIsing.jl\ext\IsingLearning\experiments\MNIST\locally-connected-6x6-window-replication\experiments\current\20260606_175842_lcl_6x6_tangent_low_beta_calibration_grid\lcl6x6_tangent_b0p3_lr0p00020_T0p0003_ws0p005_s25_train500_e120\best_checkpoint.bin,
2026-06-06T18:15:24,30,1.6049429,0.082,10.957032,0.114,11.93176,88-101-105-108-100-118-104-94-90-92,2.1778045,0.29243407,1.2758951,0.597513,0.24467088,1.6900868,0.118,C:\Users\fenje\dev\InteractiveIsing.jl\ext\IsingLearning\experiments\MNIST\locally-connected-6x6-window-replication\experiments\current\20260606_175842_lcl_6x6_tangent_low_beta_calibration_grid\lcl6x6_tangent_b0p3_lr0p00020_T0p0003_ws0p005_s25_train500_e120\best_checkpoint.bin,
2026-06-06T18:15:25,31,1.6181374,missing,missing,missing,missing,missing,2.1861687,0.29349533,1.2859392,0.41742203,0.19782941,1.3453691,0.118,C:\Users\fenje\dev\InteractiveIsing.jl\ext\IsingLearning\experiments\MNIST\locally-connected-6x6-window-replication\experiments\current\20260606_175842_lcl_6x6_tangent_low_beta_calibration_grid\lcl6x6_tangent_b0p3_lr0p00020_T0p0003_ws0p005_s25_train500_e120\best_checkpoint.bin,
2026-06-06T18:15:27,32,1.5809899,missing,missing,missing,missing,missing,2.194996,0.29503125,1.2962527,0.45490012,0.23365928,1.6005977,0.118,C:\Users\fenje\dev\InteractiveIsing.jl\ext\IsingLearning\experiments\MNIST\locally-connected-6x6-window-replication\experiments\current\20260606_175842_lcl_6x6_tangent_low_beta_calibration_grid\lcl6x6_tangent_b0p3_lr0p00020_T0p0003_ws0p005_s25_train500_e120\best_checkpoint.bin,
2026-06-06T18:15:29,33,1.6531937,missing,missing,missing,missing,missing,2.2014318,0.29646525,1.3085039,0.49767014,0.2158247,1.4448271,0.118,C:\Users\fenje\dev\InteractiveIsing.jl\ext\IsingLearning\experiments\MNIST\locally-connected-6x6-window-replication\experiments\current\20260606_175842_lcl_6x6_tangent_low_beta_calibration_grid\lcl6x6_tangent_b0p3_lr0p00020_T0p0003_ws0p005_s25_train500_e120\best_checkpoint.bin,
2026-06-06T18:15:30,34,1.5463335,missing,missing,missing,missing,missing,2.209379,0.29757255,1.319679,0.43399465,0.1856475,1.320624,0.118,C:\Users\fenje\dev\InteractiveIsing.jl\ext\IsingLearning\experiments\MNIST\locally-connected-6x6-window-replication\experiments\current\20260606_175842_lcl_6x6_tangent_low_beta_calibration_grid\lcl6x6_tangent_b0p3_lr0p00020_T0p0003_ws0p005_s25_train500_e120\best_checkpoint.bin,
2026-06-06T18:15:32,35,1.5514167,0.112,11.267449,0.105,11.837716,114-82-100-104-88-119-102-100-94-97,2.2171078,0.29874995,1.3301781,0.478693,0.21334696,1.4930081,0.118,C:\Users\fenje\dev\InteractiveIsing.jl\ext\IsingLearning\experiments\MNIST\locally-connected-6x6-window-replication\experiments\current\20260606_175842_lcl_6x6_tangent_low_beta_calibration_grid\lcl6x6_tangent_b0p3_lr0p00020_T0p0003_ws0p005_s25_train500_e120\best_checkpoint.bin,
2026-06-06T18:15:34,36,1.5910874,missing,missing,missing,missing,missing,2.2268248,0.29972756,1.3403262,0.47786826,0.22192295,1.3282331,0.118,C:\Users\fenje\dev\InteractiveIsing.jl\ext\IsingLearning\experiments\MNIST\locally-connected-6x6-window-replication\experiments\current\20260606_175842_lcl_6x6_tangent_low_beta_calibration_grid\lcl6x6_tangent_b0p3_lr0p00020_T0p0003_ws0p005_s25_train500_e120\best_checkpoint.bin,
2026-06-06T18:15:35,37,1.5915563,missing,missing,missing,missing,missing,2.2356951,0.30094942,1.3506819,0.48417047,0.22763579,1.4868332,0.118,C:\Users\fenje\dev\InteractiveIsing.jl\ext\IsingLearning\experiments\MNIST\locally-connected-6x6-window-replication\experiments\current\20260606_175842_lcl_6x6_tangent_low_beta_calibration_grid\lcl6x6_tangent_b0p3_lr0p00020_T0p0003_ws0p005_s25_train500_e120\best_checkpoint.bin,
2026-06-06T18:15:37,38,1.4816057,missing,missing,missing,missing,missing,2.2423658,0.30222586,1.3600125,0.35437948,0.18171433,1.21098,0.118,C:\Users\fenje\dev\InteractiveIsing.jl\ext\IsingLearning\experiments\MNIST\locally-connected-6x6-window-replication\experiments\current\20260606_175842_lcl_6x6_tangent_low_beta_calibration_grid\lcl6x6_tangent_b0p3_lr0p00020_T0p0003_ws0p005_s25_train500_e120\best_checkpoint.bin,
2026-06-06T18:15:38,39,1.5880054,missing,missing,missing,missing,missing,2.2499328,0.30354074,1.3689147,0.47518566,0.20920356,1.4367322,0.118,C:\Users\fenje\dev\InteractiveIsing.jl\ext\IsingLearning\experiments\MNIST\locally-connected-6x6-window-replication\experiments\current\20260606_175842_lcl_6x6_tangent_low_beta_calibration_grid\lcl6x6_tangent_b0p3_lr0p00020_T0p0003_ws0p005_s25_train500_e120\best_checkpoint.bin,
2026-06-06T18:15:40,40,1.5787936,0.092,11.645177,0.12,11.298627,82-112-103-100-97-118-88-103-83-114,2.26068,0.3050108,1.3763365,0.58644533,0.27460787,2.1454797,0.12,C:\Users\fenje\dev\InteractiveIsing.jl\ext\IsingLearning\experiments\MNIST\locally-connected-6x6-window-replication\experiments\current\20260606_175842_lcl_6x6_tangent_low_beta_calibration_grid\lcl6x6_tangent_b0p3_lr0p00020_T0p0003_ws0p005_s25_train500_e120\best_checkpoint.bin,
2026-06-06T18:15:42,41,1.5989652,missing,missing,missing,missing,missing,2.2688944,0.30662924,1.3828381,0.4866178,0.2272326,1.6162074,0.12,C:\Users\fenje\dev\InteractiveIsing.jl\ext\IsingLearning\experiments\MNIST\locally-connected-6x6-window-replication\experiments\current\20260606_175842_lcl_6x6_tangent_low_beta_calibration_grid\lcl6x6_tangent_b0p3_lr0p00020_T0p0003_ws0p005_s25_train500_e120\best_checkpoint.bin,
2026-06-06T18:15:43,42,1.5255063,missing,missing,missing,missing,missing,2.2776384,0.3079698,1.3895382,0.47009054,0.19513246,1.4077607,0.12,C:\Users\fenje\dev\InteractiveIsing.jl\ext\IsingLearning\experiments\MNIST\locally-connected-6x6-window-replication\experiments\current\20260606_175842_lcl_6x6_tangent_low_beta_calibration_grid\lcl6x6_tangent_b0p3_lr0p00020_T0p0003_ws0p005_s25_train500_e120\best_checkpoint.bin,
2026-06-06T18:15:45,43,1.5574615,missing,missing,missing,missing,missing,2.2861798,0.309614,1.3956121,0.5656427,0.26374876,2.074584,0.12,C:\Users\fenje\dev\InteractiveIsing.jl\ext\IsingLearning\experiments\MNIST\locally-connected-6x6-window-replication\experiments\current\20260606_175842_lcl_6x6_tangent_low_beta_calibration_grid\lcl6x6_tangent_b0p3_lr0p00020_T0p0003_ws0p005_s25_train500_e120\best_checkpoint.bin,
2026-06-06T18:15:46,44,1.6583749,missing,missing,missing,missing,missing,2.2958567,0.31135517,1.4011794,0.41621873,0.19757338,1.3781896,0.12,C:\Users\fenje\dev\InteractiveIsing.jl\ext\IsingLearning\experiments\MNIST\locally-connected-6x6-window-replication\experiments\current\20260606_175842_lcl_6x6_tangent_low_beta_calibration_grid\lcl6x6_tangent_b0p3_lr0p00020_T0p0003_ws0p005_s25_train500_e120\best_checkpoint.bin,
2026-06-06T18:15:48,45,1.498453,0.088,11.52599,0.129,11.519897,106-73-103-100-105-103-95-100-106-109,2.304148,0.31308055,1.407605,0.45161098,0.19972967,1.3972994,0.129,C:\Users\fenje\dev\InteractiveIsing.jl\ext\IsingLearning\experiments\MNIST\locally-connected-6x6-window-replication\experiments\current\20260606_175842_lcl_6x6_tangent_low_beta_calibration_grid\lcl6x6_tangent_b0p3_lr0p00020_T0p0003_ws0p005_s25_train500_e120\best_checkpoint.bin,
2026-06-06T18:15:50,46,1.5389992,missing,missing,missing,missing,missing,2.3136525,0.3147664,1.4127617,0.38489768,0.17973393,1.3088068,0.129,C:\Users\fenje\dev\InteractiveIsing.jl\ext\IsingLearning\experiments\MNIST\locally-connected-6x6-window-replication\experiments\current\20260606_175842_lcl_6x6_tangent_low_beta_calibration_grid\lcl6x6_tangent_b0p3_lr0p00020_T0p0003_ws0p005_s25_train500_e120\best_checkpoint.bin,
2026-06-06T18:15:51,47,1.5514465,missing,missing,missing,missing,missing,2.3214688,0.3165659,1.4184697,0.41064373,0.18279402,1.2742769,0.129,C:\Users\fenje\dev\InteractiveIsing.jl\ext\IsingLearning\experiments\MNIST\locally-connected-6x6-window-replication\experiments\current\20260606_175842_lcl_6x6_tangent_low_beta_calibration_grid\lcl6x6_tangent_b0p3_lr0p00020_T0p0003_ws0p005_s25_train500_e120\best_checkpoint.bin,
2026-06-06T18:15:53,48,1.548432,missing,missing,missing,missing,missing,2.3286078,0.3183306,1.4242755,0.51530623,0.23313653,2.1117244,0.129,C:\Users\fenje\dev\InteractiveIsing.jl\ext\IsingLearning\experiments\MNIST\locally-connected-6x6-window-replication\experiments\current\20260606_175842_lcl_6x6_tangent_low_beta_calibration_grid\lcl6x6_tangent_b0p3_lr0p00020_T0p0003_ws0p005_s25_train500_e120\best_checkpoint.bin,
2026-06-06T18:15:54,49,1.5064844,missing,missing,missing,missing,missing,2.3380535,0.32013357,1.4284267,0.47089118,0.22419292,1.8349518,0.129,C:\Users\fenje\dev\InteractiveIsing.jl\ext\IsingLearning\experiments\MNIST\locally-connected-6x6-window-replication\experiments\current\20260606_175842_lcl_6x6_tangent_low_beta_calibration_grid\lcl6x6_tangent_b0p3_lr0p00020_T0p0003_ws0p005_s25_train500_e120\best_checkpoint.bin,
2026-06-06T18:15:56,50,1.5459066,0.104,12.597145,0.086,11.995113,112-98-105-107-105-92-91-93-97-100,2.347409,0.32203606,1.4315342,0.50414747,0.21245998,1.9038813,0.129,C:\Users\fenje\dev\InteractiveIsing.jl\ext\IsingLearning\experiments\MNIST\locally-connected-6x6-window-replication\experiments\current\20260606_175842_lcl_6x6_tangent_low_beta_calibration_grid\lcl6x6_tangent_b0p3_lr0p00020_T0p0003_ws0p005_s25_train500_e120\best_checkpoint.bin,
2026-06-06T18:15:58,51,1.6081697,missing,missing,missing,missing,missing,2.3556938,0.32421026,1.435199,0.44105637,0.20567556,1.277983,0.129,C:\Users\fenje\dev\InteractiveIsing.jl\ext\IsingLearning\experiments\MNIST\locally-connected-6x6-window-replication\experiments\current\20260606_175842_lcl_6x6_tangent_low_beta_calibration_grid\lcl6x6_tangent_b0p3_lr0p00020_T0p0003_ws0p005_s25_train500_e120\best_checkpoint.bin,
2026-06-06T18:15:59,52,1.4693585,missing,missing,missing,missing,missing,2.3646271,0.32642496,1.4395043,0.52469033,0.22443148,1.7725906,0.129,C:\Users\fenje\dev\InteractiveIsing.jl\ext\IsingLearning\experiments\MNIST\locally-connected-6x6-window-replication\experiments\current\20260606_175842_lcl_6x6_tangent_low_beta_calibration_grid\lcl6x6_tangent_b0p3_lr0p00020_T0p0003_ws0p005_s25_train500_e120\best_checkpoint.bin,
2026-06-06T18:16:01,53,1.4841571,missing,missing,missing,missing,missing,2.3731515,0.3287234,1.4429507,0.45743376,0.22501235,1.4363437,0.129,C:\Users\fenje\dev\InteractiveIsing.jl\ext\IsingLearning\experiments\MNIST\locally-connected-6x6-window-replication\experiments\current\20260606_175842_lcl_6x6_tangent_low_beta_calibration_grid\lcl6x6_tangent_b0p3_lr0p00020_T0p0003_ws0p005_s25_train500_e120\best_checkpoint.bin,
2026-06-06T18:16:02,54,1.6585239,missing,missing,missing,missing,missing,2.3812523,0.3311681,1.4472562,0.6510533,0.29557627,2.0202777,0.129,C:\Users\fenje\dev\InteractiveIsing.jl\ext\IsingLearning\experiments\MNIST\locally-connected-6x6-window-replication\experiments\current\20260606_175842_lcl_6x6_tangent_low_beta_calibration_grid\lcl6x6_tangent_b0p3_lr0p00020_T0p0003_ws0p005_s25_train500_e120\best_checkpoint.bin,
2026-06-06T18:16:04,55,1.4890336,0.12,12.274569,0.089,11.711349,114-99-95-91-108-113-96-85-97-102,2.3892741,0.33352008,1.4508786,0.48134512,0.20362037,1.7151928,0.129,C:\Users\fenje\dev\InteractiveIsing.jl\ext\IsingLearning\experiments\MNIST\locally-connected-6x6-window-replication\experiments\current\20260606_175842_lcl_6x6_tangent_low_beta_calibration_grid\lcl6x6_tangent_b0p3_lr0p00020_T0p0003_ws0p005_s25_train500_e120\best_checkpoint.bin,
2026-06-06T18:16:05,56,1.5455917,missing,missing,missing,missing,missing,2.3977625,0.33606607,1.4539752,0.5571772,0.2524076,1.921565,0.129,C:\Users\fenje\dev\InteractiveIsing.jl\ext\IsingLearning\experiments\MNIST\locally-connected-6x6-window-replication\experiments\current\20260606_175842_lcl_6x6_tangent_low_beta_calibration_grid\lcl6x6_tangent_b0p3_lr0p00020_T0p0003_ws0p005_s25_train500_e120\best_checkpoint.bin,
2026-06-06T18:16:07,57,1.5776943,missing,missing,missing,missing,missing,2.407103,0.33864906,1.4564711,0.48435894,0.21825595,1.9707394,0.129,C:\Users\fenje\dev\InteractiveIsing.jl\ext\IsingLearning\experiments\MNIST\locally-connected-6x6-window-replication\experiments\current\20260606_175842_lcl_6x6_tangent_low_beta_calibration_grid\lcl6x6_tangent_b0p3_lr0p00020_T0p0003_ws0p005_s25_train500_e120\best_checkpoint.bin,
2026-06-06T18:16:09,58,1.697816,missing,missing,missing,missing,missing,2.414283,0.34117135,1.4612114,0.56569654,0.22309117,1.5872803,0.129,C:\Users\fenje\dev\InteractiveIsing.jl\ext\IsingLearning\experiments\MNIST\locally-connected-6x6-window-replication\experiments\current\20260606_175842_lcl_6x6_tangent_low_beta_calibration_grid\lcl6x6_tangent_b0p3_lr0p00020_T0p0003_ws0p005_s25_train500_e120\best_checkpoint.bin,
2026-06-06T18:16:10,59,1.5180594,missing,missing,missing,missing,missing,2.4224043,0.34365556,1.4648623,0.47224092,0.20384164,1.6589411,0.129,C:\Users\fenje\dev\InteractiveIsing.jl\ext\IsingLearning\experiments\MNIST\locally-connected-6x6-window-replication\experiments\current\20260606_175842_lcl_6x6_tangent_low_beta_calibration_grid\lcl6x6_tangent_b0p3_lr0p00020_T0p0003_ws0p005_s25_train500_e120\best_checkpoint.bin,
2026-06-06T18:16:12,60,1.5564689,0.106,13.032375,0.112,12.219553,97-92-103-109-107-86-103-106-85-112,2.4291623,0.34604868,1.4682764,0.40459993,0.1550426,1.0925653,0.129,C:\Users\fenje\dev\InteractiveIsing.jl\ext\IsingLearning\experiments\MNIST\locally-connected-6x6-window-replication\experiments\current\20260606_175842_lcl_6x6_tangent_low_beta_calibration_grid\lcl6x6_tangent_b0p3_lr0p00020_T0p0003_ws0p005_s25_train500_e120\best_checkpoint.bin,
2026-06-06T18:16:13,61,1.5495855,missing,missing,missing,missing,missing,2.4358149,0.3485547,1.4706373,0.56117016,0.23628299,1.8640574,0.129,C:\Users\fenje\dev\InteractiveIsing.jl\ext\IsingLearning\experiments\MNIST\locally-connected-6x6-window-replication\experiments\current\20260606_175842_lcl_6x6_tangent_low_beta_calibration_grid\lcl6x6_tangent_b0p3_lr0p00020_T0p0003_ws0p005_s25_train500_e120\best_checkpoint.bin,
2026-06-06T18:16:15,62,1.6001374,missing,missing,missing,missing,missing,2.446452,0.35120004,1.469814,0.38588744,0.17408259,1.5161842,0.129,C:\Users\fenje\dev\InteractiveIsing.jl\ext\IsingLearning\experiments\MNIST\locally-connected-6x6-window-replication\experiments\current\20260606_175842_lcl_6x6_tangent_low_beta_calibration_grid\lcl6x6_tangent_b0p3_lr0p00020_T0p0003_ws0p005_s25_train500_e120\best_checkpoint.bin,
2026-06-06T18:16:17,63,1.5185751,missing,missing,missing,missing,missing,2.4561365,0.35406318,1.468639,0.58735627,0.2669751,1.8868964,0.129,C:\Users\fenje\dev\InteractiveIsing.jl\ext\IsingLearning\experiments\MNIST\locally-connected-6x6-window-replication\experiments\current\20260606_175842_lcl_6x6_tangent_low_beta_calibration_grid\lcl6x6_tangent_b0p3_lr0p00020_T0p0003_ws0p005_s25_train500_e120\best_checkpoint.bin,
2026-06-06T18:16:18,64,1.5244989,missing,missing,missing,missing,missing,2.4656527,0.35676363,1.4680773,0.40711945,0.15925965,1.324749,0.129,C:\Users\fenje\dev\InteractiveIsing.jl\ext\IsingLearning\experiments\MNIST\locally-connected-6x6-window-replication\experiments\current\20260606_175842_lcl_6x6_tangent_low_beta_calibration_grid\lcl6x6_tangent_b0p3_lr0p00020_T0p0003_ws0p005_s25_train500_e120\best_checkpoint.bin,
2026-06-06T18:16:20,65,1.5967478,0.092,11.904023,0.099,12.341615,96-115-92-97-87-108-97-86-115-107,2.4736383,0.35957533,1.4688183,0.496915,0.2172175,1.7667183,0.129,C:\Users\fenje\dev\InteractiveIsing.jl\ext\IsingLearning\experiments\MNIST\locally-connected-6x6-window-replication\experiments\current\20260606_175842_lcl_6x6_tangent_low_beta_calibration_grid\lcl6x6_tangent_b0p3_lr0p00020_T0p0003_ws0p005_s25_train500_e120\best_checkpoint.bin,
2026-06-06T18:16:22,66,1.6109954,missing,missing,missing,missing,missing,2.4798002,0.36253178,1.4692137,0.33709547,0.14894906,1.1755519,0.129,C:\Users\fenje\dev\InteractiveIsing.jl\ext\IsingLearning\experiments\MNIST\locally-connected-6x6-window-replication\experiments\current\20260606_175842_lcl_6x6_tangent_low_beta_calibration_grid\lcl6x6_tangent_b0p3_lr0p00020_T0p0003_ws0p005_s25_train500_e120\best_checkpoint.bin,
2026-06-06T18:16:23,67,1.5583654,missing,missing,missing,missing,missing,2.485735,0.36535403,1.4724574,0.33137995,0.14245467,0.98599476,0.129,C:\Users\fenje\dev\InteractiveIsing.jl\ext\IsingLearning\experiments\MNIST\locally-connected-6x6-window-replication\experiments\current\20260606_175842_lcl_6x6_tangent_low_beta_calibration_grid\lcl6x6_tangent_b0p3_lr0p00020_T0p0003_ws0p005_s25_train500_e120\best_checkpoint.bin,
2026-06-06T18:16:25,68,1.680788,missing,missing,missing,missing,missing,2.4908824,0.3674834,1.4770511,0.37020716,0.17043395,1.2284508,0.129,C:\Users\fenje\dev\InteractiveIsing.jl\ext\IsingLearning\experiments\MNIST\locally-connected-6x6-window-replication\experiments\current\20260606_175842_lcl_6x6_tangent_low_beta_calibration_grid\lcl6x6_tangent_b0p3_lr0p00020_T0p0003_ws0p005_s25_train500_e120\best_checkpoint.bin,
2026-06-06T18:16:26,69,1.6186864,missing,missing,missing,missing,missing,2.4950676,0.3701181,1.4836127,0.3376518,0.14664927,1.0424358,0.129,C:\Users\fenje\dev\InteractiveIsing.jl\ext\IsingLearning\experiments\MNIST\locally-connected-6x6-window-replication\experiments\current\20260606_175842_lcl_6x6_tangent_low_beta_calibration_grid\lcl6x6_tangent_b0p3_lr0p00020_T0p0003_ws0p005_s25_train500_e120\best_checkpoint.bin,
2026-06-06T18:16:28,70,1.6870176,0.092,12.59228,0.089,12.496626,101-120-97-98-106-88-91-85-91-123,2.5010579,0.37284037,1.4884932,0.31874666,0.13198175,0.94930017,0.129,C:\Users\fenje\dev\InteractiveIsing.jl\ext\IsingLearning\experiments\MNIST\locally-connected-6x6-window-replication\experiments\current\20260606_175842_lcl_6x6_tangent_low_beta_calibration_grid\lcl6x6_tangent_b0p3_lr0p00020_T0p0003_ws0p005_s25_train500_e120\best_checkpoint.bin,
2026-06-06T18:16:30,71,1.6134426,missing,missing,missing,missing,missing,2.5081036,0.37535247,1.4935536,0.29555368,0.1496338,1.0270058,0.129,C:\Users\fenje\dev\InteractiveIsing.jl\ext\IsingLearning\experiments\MNIST\locally-connected-6x6-window-replication\experiments\current\20260606_175842_lcl_6x6_tangent_low_beta_calibration_grid\lcl6x6_tangent_b0p3_lr0p00020_T0p0003_ws0p005_s25_train500_e120\best_checkpoint.bin,
2026-06-06T18:16:32,72,1.6078585,missing,missing,missing,missing,missing,2.5140142,0.3779923,1.4985167,0.45912698,0.20790794,1.2972256,0.129,C:\Users\fenje\dev\InteractiveIsing.jl\ext\IsingLearning\experiments\MNIST\locally-connected-6x6-window-replication\experiments\current\20260606_175842_lcl_6x6_tangent_low_beta_calibration_grid\lcl6x6_tangent_b0p3_lr0p00020_T0p0003_ws0p005_s25_train500_e120\best_checkpoint.bin,
2026-06-06T18:16:33,73,1.6385999,missing,missing,missing,missing,missing,2.5207465,0.38063458,1.5013126,0.40210482,0.16851266,1.1822692,0.129,C:\Users\fenje\dev\InteractiveIsing.jl\ext\IsingLearning\experiments\MNIST\locally-connected-6x6-window-replication\experiments\current\20260606_175842_lcl_6x6_tangent_low_beta_calibration_grid\lcl6x6_tangent_b0p3_lr0p00020_T0p0003_ws0p005_s25_train500_e120\best_checkpoint.bin,
2026-06-06T18:16:35,74,1.755095,missing,missing,missing,missing,missing,2.5264213,0.3834782,1.5025313,0.3312708,0.14477573,1.1770462,0.129,C:\Users\fenje\dev\InteractiveIsing.jl\ext\IsingLearning\experiments\MNIST\locally-connected-6x6-window-replication\experiments\current\20260606_175842_lcl_6x6_tangent_low_beta_calibration_grid\lcl6x6_tangent_b0p3_lr0p00020_T0p0003_ws0p005_s25_train500_e120\best_checkpoint.bin,
2026-06-06T18:16:37,75,1.5718156,0.112,12.400192,0.106,12.215124,115-95-97-97-93-103-96-103-85-116,2.5332627,0.38628972,1.5027133,0.33324257,0.13321535,1.0151981,0.129,C:\Users\fenje\dev\InteractiveIsing.jl\ext\IsingLearning\experiments\MNIST\locally-connected-6x6-window-replication\experiments\current\20260606_175842_lcl_6x6_tangent_low_beta_calibration_grid\lcl6x6_tangent_b0p3_lr0p00020_T0p0003_ws0p005_s25_train500_e120\best_checkpoint.bin,
2026-06-06T18:16:38,76,1.419437,missing,missing,missing,missing,missing,2.5402713,0.3893319,1.5021567,0.4228842,0.1835907,1.6366634,0.129,C:\Users\fenje\dev\InteractiveIsing.jl\ext\IsingLearning\experiments\MNIST\locally-connected-6x6-window-replication\experiments\current\20260606_175842_lcl_6x6_tangent_low_beta_calibration_grid\lcl6x6_tangent_b0p3_lr0p00020_T0p0003_ws0p005_s25_train500_e120\best_checkpoint.bin,
2026-06-06T18:16:40,77,1.5257197,missing,missing,missing,missing,missing,2.5482178,0.39247212,1.5005851,0.42788696,0.17918505,1.2430663,0.129,C:\Users\fenje\dev\InteractiveIsing.jl\ext\IsingLearning\experiments\MNIST\locally-connected-6x6-window-replication\experiments\current\20260606_175842_lcl_6x6_tangent_low_beta_calibration_grid\lcl6x6_tangent_b0p3_lr0p00020_T0p0003_ws0p005_s25_train500_e120\best_checkpoint.bin,
2026-06-06T18:16:41,78,1.6014591,missing,missing,missing,missing,missing,2.554954,0.39557076,1.4992586,0.3726041,0.15637171,1.1874665,0.129,C:\Users\fenje\dev\InteractiveIsing.jl\ext\IsingLearning\experiments\MNIST\locally-connected-6x6-window-replication\experiments\current\20260606_175842_lcl_6x6_tangent_low_beta_calibration_grid\lcl6x6_tangent_b0p3_lr0p00020_T0p0003_ws0p005_s25_train500_e120\best_checkpoint.bin,
2026-06-06T18:16:43,79,1.5123553,missing,missing,missing,missing,missing,2.5646207,0.3986206,1.498378,0.34401375,0.1400424,1.0864764,0.129,C:\Users\fenje\dev\InteractiveIsing.jl\ext\IsingLearning\experiments\MNIST\locally-connected-6x6-window-replication\experiments\current\20260606_175842_lcl_6x6_tangent_low_beta_calibration_grid\lcl6x6_tangent_b0p3_lr0p00020_T0p0003_ws0p005_s25_train500_e120\best_checkpoint.bin,
2026-06-06T18:16:44,80,1.4990827,0.108,12.4686575,0.111,12.72057,110-94-86-90-113-91-97-110-105-104,2.5700324,0.40171728,1.4969023,0.5021025,0.2263216,1.9409337,0.129,C:\Users\fenje\dev\InteractiveIsing.jl\ext\IsingLearning\experiments\MNIST\locally-connected-6x6-window-replication\experiments\current\20260606_175842_lcl_6x6_tangent_low_beta_calibration_grid\lcl6x6_tangent_b0p3_lr0p00020_T0p0003_ws0p005_s25_train500_e120\best_checkpoint.bin,
2026-06-06T18:16:46,81,1.5575885,missing,missing,missing,missing,missing,2.5804763,0.40464088,1.4909699,0.42354038,0.16312784,1.4487362,0.129,C:\Users\fenje\dev\InteractiveIsing.jl\ext\IsingLearning\experiments\MNIST\locally-connected-6x6-window-replication\experiments\current\20260606_175842_lcl_6x6_tangent_low_beta_calibration_grid\lcl6x6_tangent_b0p3_lr0p00020_T0p0003_ws0p005_s25_train500_e120\best_checkpoint.bin,
2026-06-06T18:16:47,82,1.5036127,missing,missing,missing,missing,missing,2.5920932,0.40826547,1.4831946,0.5363926,0.22966288,1.8424673,0.129,C:\Users\fenje\dev\InteractiveIsing.jl\ext\IsingLearning\experiments\MNIST\locally-connected-6x6-window-replication\experiments\current\20260606_175842_lcl_6x6_tangent_low_beta_calibration_grid\lcl6x6_tangent_b0p3_lr0p00020_T0p0003_ws0p005_s25_train500_e120\best_checkpoint.bin,
2026-06-06T18:16:49,83,1.6147432,missing,missing,missing,missing,missing,2.602956,0.41169056,1.4768935,0.3400379,0.16305198,1.4072475,0.129,C:\Users\fenje\dev\InteractiveIsing.jl\ext\IsingLearning\experiments\MNIST\locally-connected-6x6-window-replication\experiments\current\20260606_175842_lcl_6x6_tangent_low_beta_calibration_grid\lcl6x6_tangent_b0p3_lr0p00020_T0p0003_ws0p005_s25_train500_e120\best_checkpoint.bin,
2026-06-06T18:16:51,84,1.6076006,missing,missing,missing,missing,missing,2.6124465,0.41521496,1.472473,0.44134554,0.19903328,1.389952,0.129,C:\Users\fenje\dev\InteractiveIsing.jl\ext\IsingLearning\experiments\MNIST\locally-connected-6x6-window-replication\experiments\current\20260606_175842_lcl_6x6_tangent_low_beta_calibration_grid\lcl6x6_tangent_b0p3_lr0p00020_T0p0003_ws0p005_s25_train500_e120\best_checkpoint.bin,
2026-06-06T18:16:53,85,1.6247854,0.116,12.220935,0.091,12.596948,86-92-120-105-101-105-103-115-91-82,2.620532,0.417951,1.4688321,0.47867632,0.19180073,1.6826739,0.129,C:\Users\fenje\dev\InteractiveIsing.jl\ext\IsingLearning\experiments\MNIST\locally-connected-6x6-window-replication\experiments\current\20260606_175842_lcl_6x6_tangent_low_beta_calibration_grid\lcl6x6_tangent_b0p3_lr0p00020_T0p0003_ws0p005_s25_train500_e120\best_checkpoint.bin,
2026-06-06T18:16:54,86,1.5444007,missing,missing,missing,missing,missing,2.6305969,0.4211494,1.4651498,0.33601215,0.13187167,1.1090353,0.129,C:\Users\fenje\dev\InteractiveIsing.jl\ext\IsingLearning\experiments\MNIST\locally-connected-6x6-window-replication\experiments\current\20260606_175842_lcl_6x6_tangent_low_beta_calibration_grid\lcl6x6_tangent_b0p3_lr0p00020_T0p0003_ws0p005_s25_train500_e120\best_checkpoint.bin,
2026-06-06T18:16:56,87,1.5433704,missing,missing,missing,missing,missing,2.6371377,0.4239209,1.4672121,0.31925485,0.13848712,0.84864897,0.129,C:\Users\fenje\dev\InteractiveIsing.jl\ext\IsingLearning\experiments\MNIST\locally-connected-6x6-window-replication\experiments\current\20260606_175842_lcl_6x6_tangent_low_beta_calibration_grid\lcl6x6_tangent_b0p3_lr0p00020_T0p0003_ws0p005_s25_train500_e120\best_checkpoint.bin,
2026-06-06T18:16:57,88,1.6331933,missing,missing,missing,missing,missing,2.6430104,0.4263974,1.4703863,0.358257,0.14178409,0.93327487,0.129,C:\Users\fenje\dev\InteractiveIsing.jl\ext\IsingLearning\experiments\MNIST\locally-connected-6x6-window-replication\experiments\current\20260606_175842_lcl_6x6_tangent_low_beta_calibration_grid\lcl6x6_tangent_b0p3_lr0p00020_T0p0003_ws0p005_s25_train500_e120\best_checkpoint.bin,
2026-06-06T18:16:59,89,1.5050022,missing,missing,missing,missing,missing,2.6497238,0.42904955,1.4728044,0.34632778,0.11426654,0.883987,0.129,C:\Users\fenje\dev\InteractiveIsing.jl\ext\IsingLearning\experiments\MNIST\locally-connected-6x6-window-replication\experiments\current\20260606_175842_lcl_6x6_tangent_low_beta_calibration_grid\lcl6x6_tangent_b0p3_lr0p00020_T0p0003_ws0p005_s25_train500_e120\best_checkpoint.bin,
2026-06-06T18:17:01,90,1.5790715,0.106,13.290091,0.104,12.848316,91-106-99-99-105-95-93-101-100-111,2.6542428,0.4317485,1.4748902,0.43181798,0.19628637,1.2980891,0.129,C:\Users\fenje\dev\InteractiveIsing.jl\ext\IsingLearning\experiments\MNIST\locally-connected-6x6-window-replication\experiments\current\20260606_175842_lcl_6x6_tangent_low_beta_calibration_grid\lcl6x6_tangent_b0p3_lr0p00020_T0p0003_ws0p005_s25_train500_e120\best_checkpoint.bin,
2026-06-06T18:17:02,91,1.3841479,missing,missing,missing,missing,missing,2.658291,0.4345449,1.4724332,0.4054118,0.18008702,1.4295156,0.129,C:\Users\fenje\dev\InteractiveIsing.jl\ext\IsingLearning\experiments\MNIST\locally-connected-6x6-window-replication\experiments\current\20260606_175842_lcl_6x6_tangent_low_beta_calibration_grid\lcl6x6_tangent_b0p3_lr0p00020_T0p0003_ws0p005_s25_train500_e120\best_checkpoint.bin,
2026-06-06T18:17:04,92,1.6826808,missing,missing,missing,missing,missing,2.6663463,0.43728173,1.4686998,0.31957018,0.1346623,1.006272,0.129,C:\Users\fenje\dev\InteractiveIsing.jl\ext\IsingLearning\experiments\MNIST\locally-connected-6x6-window-replication\experiments\current\20260606_175842_lcl_6x6_tangent_low_beta_calibration_grid\lcl6x6_tangent_b0p3_lr0p00020_T0p0003_ws0p005_s25_train500_e120\best_checkpoint.bin,
2026-06-06T18:17:05,93,1.5174172,missing,missing,missing,missing,missing,2.674316,0.43983063,1.4653021,0.50160223,0.19791274,1.6539785,0.129,C:\Users\fenje\dev\InteractiveIsing.jl\ext\IsingLearning\experiments\MNIST\locally-connected-6x6-window-replication\experiments\current\20260606_175842_lcl_6x6_tangent_low_beta_calibration_grid\lcl6x6_tangent_b0p3_lr0p00020_T0p0003_ws0p005_s25_train500_e120\best_checkpoint.bin,
2026-06-06T18:17:07,94,1.5375382,missing,missing,missing,missing,missing,2.6840298,0.44267988,1.4573866,0.3957631,0.17522454,1.4527658,0.129,C:\Users\fenje\dev\InteractiveIsing.jl\ext\IsingLearning\experiments\MNIST\locally-connected-6x6-window-replication\experiments\current\20260606_175842_lcl_6x6_tangent_low_beta_calibration_grid\lcl6x6_tangent_b0p3_lr0p00020_T0p0003_ws0p005_s25_train500_e120\best_checkpoint.bin,
2026-06-06T18:17:08,95,1.4833228,0.096,12.473233,0.11,12.847058,109-104-90-102-83-99-88-114-106-105,2.6939306,0.44598597,1.4498956,0.4145553,0.15862308,1.376674,0.129,C:\Users\fenje\dev\InteractiveIsing.jl\ext\IsingLearning\experiments\MNIST\locally-connected-6x6-window-replication\experiments\current\20260606_175842_lcl_6x6_tangent_low_beta_calibration_grid\lcl6x6_tangent_b0p3_lr0p00020_T0p0003_ws0p005_s25_train500_e120\best_checkpoint.bin,
2026-06-06T18:17:10,96,1.576057,missing,missing,missing,missing,missing,2.7008655,0.44923997,1.4445686,0.3721636,0.12697405,1.088512,0.129,C:\Users\fenje\dev\InteractiveIsing.jl\ext\IsingLearning\experiments\MNIST\locally-connected-6x6-window-replication\experiments\current\20260606_175842_lcl_6x6_tangent_low_beta_calibration_grid\lcl6x6_tangent_b0p3_lr0p00020_T0p0003_ws0p005_s25_train500_e120\best_checkpoint.bin,
2026-06-06T18:17:11,97,1.4883615,missing,missing,missing,missing,missing,2.7072136,0.45180053,1.4424762,0.36830083,0.13616808,1.1513717,0.129,C:\Users\fenje\dev\InteractiveIsing.jl\ext\IsingLearning\experiments\MNIST\locally-connected-6x6-window-replication\experiments\current\20260606_175842_lcl_6x6_tangent_low_beta_calibration_grid\lcl6x6_tangent_b0p3_lr0p00020_T0p0003_ws0p005_s25_train500_e120\best_checkpoint.bin,
2026-06-06T18:17:13,98,1.5519446,missing,missing,missing,missing,missing,2.7164493,0.45442557,1.4383122,0.41405278,0.17130545,1.4629827,0.129,C:\Users\fenje\dev\InteractiveIsing.jl\ext\IsingLearning\experiments\MNIST\locally-connected-6x6-window-replication\experiments\current\20260606_175842_lcl_6x6_tangent_low_beta_calibration_grid\lcl6x6_tangent_b0p3_lr0p00020_T0p0003_ws0p005_s25_train500_e120\best_checkpoint.bin,
2026-06-06T18:17:14,99,1.5323016,missing,missing,missing,missing,missing,2.7295468,0.45721707,1.425775,0.43292788,0.17861843,1.810983,0.129,C:\Users\fenje\dev\InteractiveIsing.jl\ext\IsingLearning\experiments\MNIST\locally-connected-6x6-window-replication\experiments\current\20260606_175842_lcl_6x6_tangent_low_beta_calibration_grid\lcl6x6_tangent_b0p3_lr0p00020_T0p0003_ws0p005_s25_train500_e120\best_checkpoint.bin,
2026-06-06T18:17:16,100,1.7007293,0.094,13.160033,0.094,13.448039,88-100-97-110-81-109-112-105-114-84,2.736774,0.46002483,1.4208419,0.31274387,0.12118676,0.9304661,0.129,C:\Users\fenje\dev\InteractiveIsing.jl\ext\IsingLearning\experiments\MNIST\locally-connected-6x6-window-replication\experiments\current\20260606_175842_lcl_6x6_tangent_low_beta_calibration_grid\lcl6x6_tangent_b0p3_lr0p00020_T0p0003_ws0p005_s25_train500_e120\best_checkpoint.bin,
2026-06-06T18:17:18,101,1.5039131,missing,missing,missing,missing,missing,2.7437615,0.46259382,1.4202659,0.3314119,0.15260476,1.156748,0.129,C:\Users\fenje\dev\InteractiveIsing.jl\ext\IsingLearning\experiments\MNIST\locally-connected-6x6-window-replication\experiments\current\20260606_175842_lcl_6x6_tangent_low_beta_calibration_grid\lcl6x6_tangent_b0p3_lr0p00020_T0p0003_ws0p005_s25_train500_e120\best_checkpoint.bin,
2026-06-06T18:17:19,102,1.5681535,missing,missing,missing,missing,missing,2.7522528,0.46519163,1.4146711,0.5199484,0.21402505,1.883079,0.129,C:\Users\fenje\dev\InteractiveIsing.jl\ext\IsingLearning\experiments\MNIST\locally-connected-6x6-window-replication\experiments\current\20260606_175842_lcl_6x6_tangent_low_beta_calibration_grid\lcl6x6_tangent_b0p3_lr0p00020_T0p0003_ws0p005_s25_train500_e120\best_checkpoint.bin,
2026-06-06T18:17:21,103,1.6291866,missing,missing,missing,missing,missing,2.7612844,0.46777353,1.4074717,0.37753457,0.15489733,1.1480274,0.129,C:\Users\fenje\dev\InteractiveIsing.jl\ext\IsingLearning\experiments\MNIST\locally-connected-6x6-window-replication\experiments\current\20260606_175842_lcl_6x6_tangent_low_beta_calibration_grid\lcl6x6_tangent_b0p3_lr0p00020_T0p0003_ws0p005_s25_train500_e120\best_checkpoint.bin,
2026-06-06T18:17:23,104,1.4972109,missing,missing,missing,missing,missing,2.7690668,0.4706751,1.399185,0.46196318,0.19497968,1.9166065,0.129,C:\Users\fenje\dev\InteractiveIsing.jl\ext\IsingLearning\experiments\MNIST\locally-connected-6x6-window-replication\experiments\current\20260606_175842_lcl_6x6_tangent_low_beta_calibration_grid\lcl6x6_tangent_b0p3_lr0p00020_T0p0003_ws0p005_s25_train500_e120\best_checkpoint.bin,
2026-06-06T18:17:24,105,1.461079,0.116,13.535044,0.1,13.3193245,88-102-92-106-112-95-97-104-102-102,2.7851174,0.47375596,1.384199,0.44483384,0.18816695,2.2356815,0.129,C:\Users\fenje\dev\InteractiveIsing.jl\ext\IsingLearning\experiments\MNIST\locally-connected-6x6-window-replication\experiments\current\20260606_175842_lcl_6x6_tangent_low_beta_calibration_grid\lcl6x6_tangent_b0p3_lr0p00020_T0p0003_ws0p005_s25_train500_e120\best_checkpoint.bin,
2026-06-06T18:17:26,106,1.4783768,missing,missing,missing,missing,missing,2.7976825,0.4765524,1.3740425,0.39020196,0.15531634,1.1329311,0.129,C:\Users\fenje\dev\InteractiveIsing.jl\ext\IsingLearning\experiments\MNIST\locally-connected-6x6-window-replication\experiments\current\20260606_175842_lcl_6x6_tangent_low_beta_calibration_grid\lcl6x6_tangent_b0p3_lr0p00020_T0p0003_ws0p005_s25_train500_e120\best_checkpoint.bin,
2026-06-06T18:17:27,107,1.6609601,missing,missing,missing,missing,missing,2.8056514,0.47878367,1.3689524,0.39750957,0.15610243,1.3161259,0.129,C:\Users\fenje\dev\InteractiveIsing.jl\ext\IsingLearning\experiments\MNIST\locally-connected-6x6-window-replication\experiments\current\20260606_175842_lcl_6x6_tangent_low_beta_calibration_grid\lcl6x6_tangent_b0p3_lr0p00020_T0p0003_ws0p005_s25_train500_e120\best_checkpoint.bin,
2026-06-06T18:17:29,108,1.5218903,missing,missing,missing,missing,missing,2.8149319,0.48159504,1.3579017,0.32490176,0.11970655,0.9997468,0.129,C:\Users\fenje\dev\InteractiveIsing.jl\ext\IsingLearning\experiments\MNIST\locally-connected-6x6-window-replication\experiments\current\20260606_175842_lcl_6x6_tangent_low_beta_calibration_grid\lcl6x6_tangent_b0p3_lr0p00020_T0p0003_ws0p005_s25_train500_e120\best_checkpoint.bin,
2026-06-06T18:17:30,109,1.4579896,missing,missing,missing,missing,missing,2.8235095,0.48430288,1.3477943,0.46246532,0.20655435,1.6875204,0.129,C:\Users\fenje\dev\InteractiveIsing.jl\ext\IsingLearning\experiments\MNIST\locally-connected-6x6-window-replication\experiments\current\20260606_175842_lcl_6x6_tangent_low_beta_calibration_grid\lcl6x6_tangent_b0p3_lr0p00020_T0p0003_ws0p005_s25_train500_e120\best_checkpoint.bin,
2026-06-06T18:17:32,110,1.5691723,0.092,14.737995,0.09,14.1411295,101-101-96-104-86-108-93-102-103-106,2.8315558,0.4869959,1.33557,0.35685515,0.13045393,1.0684425,0.129,C:\Users\fenje\dev\InteractiveIsing.jl\ext\IsingLearning\experiments\MNIST\locally-connected-6x6-window-replication\experiments\current\20260606_175842_lcl_6x6_tangent_low_beta_calibration_grid\lcl6x6_tangent_b0p3_lr0p00020_T0p0003_ws0p005_s25_train500_e120\best_checkpoint.bin,
2026-06-06T18:17:34,111,1.5034448,missing,missing,missing,missing,missing,2.8370426,0.48948735,1.3276882,0.34323794,0.13542524,1.311504,0.129,C:\Users\fenje\dev\InteractiveIsing.jl\ext\IsingLearning\experiments\MNIST\locally-connected-6x6-window-replication\experiments\current\20260606_175842_lcl_6x6_tangent_low_beta_calibration_grid\lcl6x6_tangent_b0p3_lr0p00020_T0p0003_ws0p005_s25_train500_e120\best_checkpoint.bin,
2026-06-06T18:17:35,112,1.520227,missing,missing,missing,missing,missing,2.8414261,0.49186027,1.3254075,0.30330056,0.12161284,0.9447311,0.129,C:\Users\fenje\dev\InteractiveIsing.jl\ext\IsingLearning\experiments\MNIST\locally-connected-6x6-window-replication\experiments\current\20260606_175842_lcl_6x6_tangent_low_beta_calibration_grid\lcl6x6_tangent_b0p3_lr0p00020_T0p0003_ws0p005_s25_train500_e120\best_checkpoint.bin,
2026-06-06T18:17:37,113,1.5217319,missing,missing,missing,missing,missing,2.844313,0.49406955,1.3236905,0.32576746,0.13324356,1.0991573,0.129,C:\Users\fenje\dev\InteractiveIsing.jl\ext\IsingLearning\experiments\MNIST\locally-connected-6x6-window-replication\experiments\current\20260606_175842_lcl_6x6_tangent_low_beta_calibration_grid\lcl6x6_tangent_b0p3_lr0p00020_T0p0003_ws0p005_s25_train500_e120\best_checkpoint.bin,
2026-06-06T18:17:38,114,1.6723401,missing,missing,missing,missing,missing,2.8484824,0.4966432,1.3202773,0.33393225,0.13850059,1.3048728,0.129,C:\Users\fenje\dev\InteractiveIsing.jl\ext\IsingLearning\experiments\MNIST\locally-connected-6x6-window-replication\experiments\current\20260606_175842_lcl_6x6_tangent_low_beta_calibration_grid\lcl6x6_tangent_b0p3_lr0p00020_T0p0003_ws0p005_s25_train500_e120\best_checkpoint.bin,
2026-06-06T18:17:40,115,1.5017155,0.096,13.918035,0.094,14.484833,100-106-106-101-106-104-85-100-99-93,2.8529704,0.49947235,1.3165377,0.264477,0.10964774,0.7698794,0.129,C:\Users\fenje\dev\InteractiveIsing.jl\ext\IsingLearning\experiments\MNIST\locally-connected-6x6-window-replication\experiments\current\20260606_175842_lcl_6x6_tangent_low_beta_calibration_grid\lcl6x6_tangent_b0p3_lr0p00020_T0p0003_ws0p005_s25_train500_e120\best_checkpoint.bin,
2026-06-06T18:17:42,116,1.5861683,missing,missing,missing,missing,missing,2.8593361,0.50175375,1.3119645,0.34503615,0.13986655,1.1078494,0.129,C:\Users\fenje\dev\InteractiveIsing.jl\ext\IsingLearning\experiments\MNIST\locally-connected-6x6-window-replication\experiments\current\20260606_175842_lcl_6x6_tangent_low_beta_calibration_grid\lcl6x6_tangent_b0p3_lr0p00020_T0p0003_ws0p005_s25_train500_e120\best_checkpoint.bin,
2026-06-06T18:17:43,117,1.5318747,missing,missing,missing,missing,missing,2.8671675,0.5042141,1.3028029,0.2591734,0.113602005,0.8791519,0.129,C:\Users\fenje\dev\InteractiveIsing.jl\ext\IsingLearning\experiments\MNIST\locally-connected-6x6-window-replication\experiments\current\20260606_175842_lcl_6x6_tangent_low_beta_calibration_grid\lcl6x6_tangent_b0p3_lr0p00020_T0p0003_ws0p005_s25_train500_e120\best_checkpoint.bin,
2026-06-06T18:17:45,118,1.6561112,missing,missing,missing,missing,missing,2.8750443,0.50669813,1.296691,0.40148667,0.16628996,1.4246641,0.129,C:\Users\fenje\dev\InteractiveIsing.jl\ext\IsingLearning\experiments\MNIST\locally-connected-6x6-window-replication\experiments\current\20260606_175842_lcl_6x6_tangent_low_beta_calibration_grid\lcl6x6_tangent_b0p3_lr0p00020_T0p0003_ws0p005_s25_train500_e120\best_checkpoint.bin,
2026-06-06T18:17:46,119,1.553214,missing,missing,missing,missing,missing,2.8879056,0.5093705,1.2828168,0.37095463,0.14866175,1.2685794,0.129,C:\Users\fenje\dev\InteractiveIsing.jl\ext\IsingLearning\experiments\MNIST\locally-connected-6x6-window-replication\experiments\current\20260606_175842_lcl_6x6_tangent_low_beta_calibration_grid\lcl6x6_tangent_b0p3_lr0p00020_T0p0003_ws0p005_s25_train500_e120\best_checkpoint.bin,
2026-06-06T18:17:48,120,1.4076615,0.088,13.917601,0.1,15.211175,92-105-110-93-103-98-109-106-81-103,2.8964038,0.5120911,1.2739339,0.27407613,0.10359669,0.78697056,0.129,C:\Users\fenje\dev\InteractiveIsing.jl\ext\IsingLearning\experiments\MNIST\locally-connected-6x6-window-replication\experiments\current\20260606_175842_lcl_6x6_tangent_low_beta_calibration_grid\lcl6x6_tangent_b0p3_lr0p00020_T0p0003_ws0p005_s25_train500_e120\best_checkpoint.bin,C:\Users\fenje\dev\InteractiveIsing.jl\ext\IsingLearning\experiments\MNIST\locally-connected-6x6-window-replication\experiments\current\20260606_175842_lcl_6x6_tangent_low_beta_calibration_grid\lcl6x6_tangent_b0p3_lr0p00020_T0p0003_ws0p005_s25_train500_e120\final_checkpoint.bin
